id,kode_provinsi,nama_provinsi,kode_kabupaten_kota,nama_kabupaten_kota,nama_rs,alamat,desa_kelurahan,kecamatan,telp_ppk,latitude,longitude,tahun,Cluster
1,32,JAWA BARAT,3204,KABUPATEN BANDUNG,RSUD CICALENGKA,"JL. H. DARHAM CIKOPO NO.35, TENJOLAYA, KEC. CICALENGKA, BANDUNG, JAWA BARAT 40395",TENJOLAYA,CICALENGKA,022-7952202,-6.98233728,107.842052,2019,0
2,32,JAWA BARAT,3204,KABUPATEN BANDUNG,RSUD AL IHSAN,"JL. KI ASTRAMANGGALA, BALEENDAH, KEC. BALEENDAH, BANDUNG, JAWA BARAT 40381, INDONESIA",BALEENDAH,BALEENDAH,022-5940872,-7.00770719,107.624064,2019,0
3,32,JAWA BARAT,3204,KABUPATEN BANDUNG,RSUD MAJALAYA,"JL. CIPAKU NO.87, CIPAKU, KEC. PASEH, BANDUNG, JAWA BARAT 40383, INDONESIA",CIPAKU,PASEH,022-5950035,-7.04929,107.772,2019,0
4,32,JAWA BARAT,3204,KABUPATEN BANDUNG,RSUD SOREANG,"JL. ALUN-ALUN UTARA NO.1, PAMEKARAN, KEC. SOREANG, BANDUNG, JAWA BARAT 40912, INDONESIA",PAMEKARAN,SOREANG,022-5891355,-7.03,108.0,2019,0
5,32,JAWA BARAT,3217,KABUPATEN BANDUNG BARAT,RSUD CIKALONG WETAN,"JL. CIKALONG NO.290, CIPTAGUMATI, KEC. CIKALONG WETAN, KABUPATEN BANDUNG BARAT, JAWA BARAT 40556, INDONESIA",CIPTAMUGATI,CIKALONG WETAN,022-86866016,-6.74374444,107.444976,2019,0
6,32,JAWA BARAT,3217,KABUPATEN BANDUNG BARAT,RSUD LEMBANG,"JL. RAYA LEMBANG KM 11,4 NO. 11, GUDANGKAHURIPAN, LEMBANG, GUDANGKAHURIPAN, LEMBANG, KABUPATEN BANDUNG BARAT, JAWA BARAT 40391, INDONESIA",GUDANGKAAHURIPAN,LEMBANG,022-2786879,-6.83820952,107.598325,2019,0
7,32,JAWA BARAT,3217,KABUPATEN BANDUNG BARAT,RSJ PROVINSI JAWA BARAT,"JL. KOLONEL MASTURI NO.KM.7, JAMBUDIPA, KEC. CISARUA, KABUPATEN BANDUNG BARAT, JAWA BARAT, INDONESIA",JAMBUDIPA,CISARUA,022-2700260,-6.80901504,107.563111,2019,0
8,32,JAWA BARAT,3217,KABUPATEN BANDUNG BARAT,RSUD CILILIN,"JL. CINTAKARYA, CILILIN, KABUPATEN BANDUNG BARAT, JAWA BARAT 40562, INDONESIA",CINTAKARYA,CILILIN,022-6941600,-6.94353815,107.459616,2019,0
9,32,JAWA BARAT,3216,KABUPATEN BEKASI,RSUD KABUPATEN BEKASI,"JL. RAYA TEUKU UMAR NO.202, WANASARI, KEC. CIBITUNG, BEKASI, JAWA BARAT 17520, INDONESIA",WANASARI,CIBITUNG,021-88374444,-6.27,107.0,2019,1
10,32,JAWA BARAT,3216,KABUPATEN BEKASI,RSUD CABANGBUNGIN,DESA JAYALAKSANA KECAMATAN CABANG BUNGIN KABUPATEN BEKASI,JAYALAKSANA,CABANGBUNGIN,0857-1767-8889,-6.1,107.0,2019,1
11,32,JAWA BARAT,3201,KABUPATEN BOGOR,RSUD LEUWILIANG,JL. RAYA CIBEBER - LEUWILIANG BOGOR,CIBEBER,LEUWILIANG,0251-8643290,-6.57,107.0,2019,1
12,32,JAWA BARAT,3201,KABUPATEN BOGOR,RSUD CIBINONG,JL. KSR DADI KUSMAYADI NO. 27 CIBINONG BOGOR,TENGAH,CIBINONG,021-8753487,-6.47,107.0,2019,1
13,32,JAWA BARAT,3201,KABUPATEN BOGOR,RSUD CIAWI,JL. RAYA PUNCAK 479 CIAWI BOGOR,BENDUNGAN,CIAWI,0518-240736,-6.66,107.0,2019,1
14,32,JAWA BARAT,3201,KABUPATEN BOGOR,RS UMUM DR MUHAMAD HASSAN TOTO,"JL. SARDJIO NO. 1, SEMPLAK KEC. KEMANG",ATANG SENJAYA,KEMANG,0251-7535976,-6.5,107.0,2019,1
15,32,JAWA BARAT,3201,KABUPATEN BOGOR,RSUD CILEUNGSI,JL. RAYA CILEUNGSI-JONGGOL KM.10 CILEUNGSI KABUPATEN BOGOR,CIPEUCANG,CILEUNGSI,021-89934667,-6.43,107.0,2019,1
16,32,JAWA BARAT,3207,KABUPATEN CIAMIS,RSUD CIAMIS,"JL. RUMAH SAKIT NO.76, CIAMIS,",CIAMIS,CIAMIS,0265-771018,-7.34,108.0,2019,0
17,32,JAWA BARAT,3203,KABUPATEN CIANJUR,RSUD CIMACAN,"JL. RAYA CIMACAN NO.17A, PALASARI, KEC. CIPANAS, KABUPATEN CIANJUR, JAWA BARAT 43253",PALASARI,CIPANAS,0263-512465,-6.72033255,107.032537,2019,1
18,32,JAWA BARAT,3203,KABUPATEN CIANJUR,RSUD SAYANG KAB CIANJUR,"JL. RUMAH SAKIT NO.1, BOJONGHERANG, KEC. CIANJUR, KABUPATEN CIANJUR, JAWA BARAT 43216",BOJONGHERANG,CIANJUR,0263-261026,-6.810525,107.141066,2019,2
19,32,JAWA BARAT,3203,KABUPATEN CIANJUR,RSUD PAGELARAN,JL. RAYA PAGELARAN NO 18 DESA PAGELARAN KEC. PAGELARAN KABUPATEN CIANJUR 43266,DESA PAGELARAN,PAGELARAN,0263--2361093,-7.21435837,107.139431,2019,2
20,32,JAWA BARAT,3209,KABUPATEN CIREBON,RSUD WALED,"JL. PRABU KIANSANTANG NO.4, WALED KOTA, WALED, CIREBON, JAWA BARAT 45187",WALED KOTA,WALED,0231-661126,-6.91304,108.719,2019,3
21,32,JAWA BARAT,3209,KABUPATEN CIREBON,RS PARU PROVINSI JAWA BARAT,"JL. PANGERAN KEJAKSAN PO.BOX 4 DESA SIDAWANGI, KECAMATAN SUMBER KABUPATEN CIREBON",SIDAWANGI,SUMBER,0231--8330707,-6.797155,108.475501,2019,3
22,32,JAWA BARAT,3209,KABUPATEN CIREBON,RSUD RJAWINANGUN,"JL. BY PASS PALIMANAN JAKARTA KM. 2 NO. 1, KEBONTURI, KEC. ARJAWINANGUN, KABUPATEN CIREBON, JAWA BARAT 45162",KEBONTURI,ARJAWINANGUN,0231-358335,-6.6565688,108.412696,2019,3
23,32,JAWA BARAT,3205,KABUPATEN GARUT,RSUD PAMEUNGPEUK,"JL. MIRAMAREU NO.99, SIRNABAKTI, PAMEUNGPEUK, KABUPATEN GARUT, JAWA BARAT 44175",SIRNABAKTI,PAMEUNGPEUK,0262-2816017,-7.22540946,107.911241,2019,0
24,32,JAWA BARAT,3205,KABUPATEN GARUT,RSUD DR SLAMET GARUT,"JL. RSU DR. SLAMET NO.12, SUKAKARYA, KEC. TAROGONG KIDUL, KABUPATEN GARUT, JAWA BARAT 44151",SUKAKARYA,TAROGONG KIDUL,0262-232720,-7.213105,107.920109,2019,0
25,32,JAWA BARAT,3212,KABUPATEN INDRAMAYU,RSUD INDRAMAYU,"JL. MURAHNARA NO.7, SINDANG, KABUPATEN INDRAMAYU, JAWA BARAT 45222",SINDANG,INDRAMAYU,0234-023427265,-6.33021,108.32,2019,3
26,32,JAWA BARAT,3212,KABUPATEN INDRAMAYU,RSUD PANTURA MA SENTOT PATROL,"JL. RAYA PATROL NO.KM.46, PATROL LOR, KEC. PATROL, KABUPATEN INDRAMAYU, JAWA BARAT 45257",PATROL LOR,PATROL,0234-612715,-6.31432086,107.998717,2019,0
27,32,JAWA BARAT,3215,KABUPATEN KARAWANG,RSUD KARAWANG,"JL. GALUH MAS RAYA NO.1, SUKAHARJA, KEC. TELUKJAMBE TIM., KABUPATEN KARAWANG, JAWA BARAT 41361",SUKAHARJA,TELUKJAMBE TIMUR,0267-640444,-6.320752,107.293131,2019,4
28,32,JAWA BARAT,3208,KABUPATEN KUNINGAN,RSUD LINGGARJATI,JL. RAYA BANDORASA WETAN NO.36,BANDORASA WETAN,CILIMUS,0232-614885,-6.885481,108.493841,2019,3
29,32,JAWA BARAT,3208,KABUPATEN KUNINGAN,RSUD 45 KUNINGAN,JL .JEND SUDIRMAN NO. 68,KUNINGAN,KUNINGAN,0232-023287188,-6.984283,108.481617,2019,3
30,32,JAWA BARAT,3210,KABUPATEN MAJALENGKA,RSUD CIDERES,JL. RAYA CIDERES - KADIPATEN NO 180,BOJONGCIDERES,DAWUAN,0233-023366100,-6.760698,108.195011,2019,3
31,32,JAWA BARAT,3210,KABUPATEN MAJALENGKA,RSUD KABUPATEN MAJALENGKA,JL. KESEHATAN NO. 77 MAJALENGKA,MAJALENGKA WETAN,MAJALENGKA,0233-281189,-6.833815,108.233428,2019,3
32,32,JAWA BARAT,3218,KABUPATEN PANGANDARAN,RSUD KABUPATEN PANGANDARAN,JL. PANANJUNG NO.412,PANANJUNG,PANGANDARAN,0,-7.681342,108.647689,2019,3
33,32,JAWA BARAT,3214,KABUPATEN PURWAKARTA,RSUD BAYU ASIH,JL. VETERAN NO. 39,NAGRI KALER, PURWAKARTA,0264-200100,-6.5381349,107.443049,2019,0
34,32,JAWA BARAT,3213,KABUPATEN SUBANG,RSUD KAB SUBANG,JL. BRIGJEN KATAMSO NO.37, DANGDEUR,SUBANG,0260-417442,-6.558127,107.747054,2019,0
35,32,JAWA BARAT,3202,KABUPATEN SUKABUMI,RSUD SEKARWANGI,JL. SILIWANGI 49 CIBADAK,CIBADAK,CIBADAK,0266-531261,-6.89662,106.793175,2019,5
36,32,JAWA BARAT,3202,KABUPATEN SUKABUMI,RSUD JAMPANG KULON,JL. CIBARUSAH NO. 1, TANJUNG,JAMPANG KULON,0266-490009,-7.252668,106.625497,2019,6
37,32,JAWA BARAT,3202,KABUPATEN SUKABUMI,RSUD PALABUHANRATU,JL. AHMAD YANI NO.2,CITEPUS,PALABUHANRATU,0266-432081,-6.98904,106.557929,2019,6
38,32,JAWA BARAT,3211,KABUPATEN SUMEDANG,RSUD SUMEDANG,JL. PALASARI NO. 80,KOTAKULON,SUMEDANG SELATAN,0261-201021,-6.857049,107.920718,2019,0
39,32,JAWA BARAT,3206,KABUPATEN TASIKMALAYA,RSUD SINGAPARNA MEDIKA CITRAUTAMA (SMC),JL. RAYA RANCAMAYA,CIKUNTEN,SINGAPARNA,0812-157-5782,-7.358758,108.106736,2019,3
40,32,JAWA BARAT,3273,KOTA BANDUNG,RSU PUSAT DR. HASAN SADIKIN,JL. PASTEUR NO. 38,PASTEUR,SUKAJADI,022-2034954,-6.90017,107.600984,2019,0
41,32,JAWA BARAT,3273,KOTA BANDUNG,RSUD KOTA BANDUNG,JL. RUMAH SAKIT NO. 22 UJUNG BERUNG,PAKEMITAN,CINAMBO,022-7811794,-6.91541,107.69934,2019,0
42,32,JAWA BARAT,3279,KOTA BANJAR,RSUD KOTA BANJAR,JL. RUMAH SAKIT UMUM NO. 5,HEGARSARI,PATARUMAN,0265-332314,-7.368493,108.543096,2019,3
43,32,JAWA BARAT,3275,KOTA BEKASI,RSUD KOTA BEKASI,JL. PRAMUKA NO. 55,MARGA JAYA,BEKASI SELATAN,021-8841005,-6.270428,107.004955,2019,1
44,32,JAWA BARAT,3271,KOTA BOGOR,RSUD KOTA BOGOR,JL. DOKTOR SUMERU NO 120 BOGOR,MENTENG,BOGOR BARAT,0251-8312292,-6.58041,106.778,2019,5
45,32,JAWA BARAT,3277,KOTA CIMAHI,RSUD CIBABAT,JL. RAYA CIBABAT NO 140 CIMAHI,CIBABAT,CIMAHI UTARA,022-6652025,-6.87924083,107.550775,2019,0
46,32,JAWA BARAT,3274,KOTA CIREBON,RSUD GUNUNG JATI,JL. KESAMBI NO 56,DRAJAT,KESAMBI,0231-20633,-6.73077263,108.555372,2019,3
47,32,JAWA BARAT,3276,KOTA DEPOK,RSUD KOTA DEPOK,"JL. RAYA MUCHTAR NO.99, SAWANGAN LAMA, KEC. SAWANGAN, KOTA DEPOK, JAWA BARAT 16511",SAWANGAN LAMA,SAWANGAN,0251-8602514,-6.395751,106.759009,2019,5
48,32,JAWA BARAT,3272,KOTA SUKABUMI,RSUD R. SAMSUDIN SH,JL. RUMAH SAKIT NO.1,CIKOLE,CIKOLE,0266-225180,-6.914882,106.934792,2019,1
49,32,JAWA BARAT,3272,KOTA SUKABUMI,RSUD AL MULK,JL. PELABUHAN II KM 6,LEMBURSITU,LEMBURSITU,0266-6243088,-6.958535,106.897496,2019,1
50,32,JAWA BARAT,3278,KOTA TASIKMALAYA,RSUD DR. SOEKARDJO,JL. RUMAH SAKIT NO.33,EMPANGSARI,TAWANG,0265-331680,-7.33234718,108.22529,2019,3
51,32,JAWA BARAT,3204,KABUPATEN BANDUNG,RSUD CICALENGKA,"JL. H. DARHAM CIKOPO NO.35, TENJOLAYA, KEC. CICALENGKA, BANDUNG, JAWA BARAT 40395",TENJOLAYA,CICALENGKA,022-7952202,-6.98233728,107.842052,2020,0
52,32,JAWA BARAT,3204,KABUPATEN BANDUNG,RSUD AL IHSAN,"JL. KI ASTRAMANGGALA, BALEENDAH, KEC. BALEENDAH, BANDUNG, JAWA BARAT 40381, INDONESIA",BALEENDAH,BALEENDAH,022-5940872,-7.00770719,107.624064,2020,0
53,32,JAWA BARAT,3204,KABUPATEN BANDUNG,RSUD MAJALAYA,"JL. CIPAKU NO.87, CIPAKU, KEC. PASEH, BANDUNG, JAWA BARAT 40383, INDONESIA",CIPAKU,PASEH,022-5950035,-7.04929,107.772,2020,0
54,32,JAWA BARAT,3204,KABUPATEN BANDUNG,RSUD SOREANG,"JL. ALUN-ALUN UTARA NO.1, PAMEKARAN, KEC. SOREANG, BANDUNG, JAWA BARAT 40912, INDONESIA",PAMEKARAN,SOREANG,022-5891355,-7.03,108.0,2020,0
55,32,JAWA BARAT,3217,KABUPATEN BANDUNG BARAT,RSUD CIKALONG WETAN,"JL. CIKALONG NO.290, CIPTAGUMATI, KEC. CIKALONG WETAN, KABUPATEN BANDUNG BARAT, JAWA BARAT 40556, INDONESIA",CIPTAMUGATI,CIKALONG WETAN,022-86866016,-6.74374444,107.444976,2020,0
56,32,JAWA BARAT,3217,KABUPATEN BANDUNG BARAT,RSUD LEMBANG,"JL. RAYA LEMBANG KM 11,4 NO. 11, GUDANGKAHURIPAN, LEMBANG, GUDANGKAHURIPAN, LEMBANG, KABUPATEN BANDUNG BARAT, JAWA BARAT 40391, INDONESIA",GUDANGKAAHURIPAN,LEMBANG,022-2786879,-6.83820952,107.598325,2020,0
57,32,JAWA BARAT,3217,KABUPATEN BANDUNG BARAT,RSJ PROVINSI JAWA BARAT,"JL. KOLONEL MASTURI NO.KM.7, JAMBUDIPA, KEC. CISARUA, KABUPATEN BANDUNG BARAT, JAWA BARAT, INDONESIA",JAMBUDIPA,CISARUA,022-2700260,-6.80901504,107.563111,2020,0
58,32,JAWA BARAT,3217,KABUPATEN BANDUNG BARAT,RSUD CILILIN,"JL. CINTAKARYA, CILILIN, KABUPATEN BANDUNG BARAT, JAWA BARAT 40562, INDONESIA",CINTAKARYA,CILILIN,022-6941600,-6.94353815,107.459616,2020,0
59,32,JAWA BARAT,3216,KABUPATEN BEKASI,RSUD KABUPATEN BEKASI,"JL. RAYA TEUKU UMAR NO.202, WANASARI, KEC. CIBITUNG, BEKASI, JAWA BARAT 17520, INDONESIA",WANASARI,CIBITUNG,021-88374444,-6.27,107.0,2020,1
60,32,JAWA BARAT,3216,KABUPATEN BEKASI,RSUD CABANGBUNGIN,DESA JAYALAKSANA KECAMATAN CABANG BUNGIN KABUPATEN BEKASI,JAYALAKSANA,CABANGBUNGIN,0857-1767-8889,-6.1,107.0,2020,1
61,32,JAWA BARAT,3201,KABUPATEN BOGOR,RSUD LEUWILIANG,JL. RAYA CIBEBER - LEUWILIANG BOGOR,CIBEBER,LEUWILIANG,0251-8643290,-6.57,107.0,2020,1
62,32,JAWA BARAT,3201,KABUPATEN BOGOR,RSUD CIBINONG,JL. KSR DADI KUSMAYADI NO. 27 CIBINONG BOGOR,TENGAH,CIBINONG,021-8753487,-6.47,107.0,2020,1
63,32,JAWA BARAT,3201,KABUPATEN BOGOR,RSUD CIAWI,JL. RAYA PUNCAK 479 CIAWI BOGOR,BENDUNGAN,CIAWI,0518-240736,-6.66,107.0,2020,1
64,32,JAWA BARAT,3201,KABUPATEN BOGOR,RS UMUM DR MUHAMAD HASSAN TOTO,"JL. SARDJIO NO. 1, SEMPLAK KEC. KEMANG",ATANG SENJAYA,KEMANG,0251-7535976,-6.5,107.0,2020,1
65,32,JAWA BARAT,3201,KABUPATEN BOGOR,RSUD CILEUNGSI,JL. RAYA CILEUNGSI-JONGGOL KM.10 CILEUNGSI KABUPATEN BOGOR,CIPEUCANG,CILEUNGSI,021-89934667,-6.43,107.0,2020,1
66,32,JAWA BARAT,3207,KABUPATEN CIAMIS,RSUD CIAMIS,"JL. RUMAH SAKIT NO.76, CIAMIS,",CIAMIS,CIAMIS,0265-771018,-7.34,108.0,2020,0
67,32,JAWA BARAT,3203,KABUPATEN CIANJUR,RSUD CIMACAN,"JL. RAYA CIMACAN NO.17A, PALASARI, KEC. CIPANAS, KABUPATEN CIANJUR, JAWA BARAT 43253",PALASARI,CIPANAS,0263-512465,-6.72033255,107.032537,2020,1
68,32,JAWA BARAT,3203,KABUPATEN CIANJUR,RSUD SAYANG KAB CIANJUR,"JL. RUMAH SAKIT NO.1, BOJONGHERANG, KEC. CIANJUR, KABUPATEN CIANJUR, JAWA BARAT 43216",BOJONGHERANG,CIANJUR,0263-261026,-6.810525,107.141066,2020,2
69,32,JAWA BARAT,3203,KABUPATEN CIANJUR,RSUD PAGELARAN,JL. RAYA PAGELARAN NO 18 DESA PAGELARAN KEC. PAGELARAN KABUPATEN CIANJUR 43266,DESA PAGELARAN,PAGELARAN,0263--2361093,-7.21435837,107.139431,2020,2
70,32,JAWA BARAT,3209,KABUPATEN CIREBON,RSUD WALED,"JL. PRABU KIANSANTANG NO.4, WALED KOTA, WALED, CIREBON, JAWA BARAT 45187",WALED KOTA,WALED,0231-661126,-6.91304,108.719,2020,3
71,32,JAWA BARAT,3209,KABUPATEN CIREBON,RS PARU PROVINSI JAWA BARAT,"JL. PANGERAN KEJAKSAN PO.BOX 4 DESA SIDAWANGI, KECAMATAN SUMBER KABUPATEN CIREBON",SIDAWANGI,SUMBER,0231--8330707,-6.797155,108.475501,2020,3
72,32,JAWA BARAT,3209,KABUPATEN CIREBON,RSUD RJAWINANGUN,"JL. BY PASS PALIMANAN JAKARTA KM. 2 NO. 1, KEBONTURI, KEC. ARJAWINANGUN, KABUPATEN CIREBON, JAWA BARAT 45162",KEBONTURI,ARJAWINANGUN,0231-358335,-6.6565688,108.412696,2020,3
73,32,JAWA BARAT,3205,KABUPATEN GARUT,RSUD PAMEUNGPEUK,"JL. MIRAMAREU NO.99, SIRNABAKTI, PAMEUNGPEUK, KABUPATEN GARUT, JAWA BARAT 44175",SIRNABAKTI,PAMEUNGPEUK,0262-2816017,-7.22540946,107.911241,2020,0
74,32,JAWA BARAT,3205,KABUPATEN GARUT,RSUD DR SLAMET GARUT,"JL. RSU DR. SLAMET NO.12, SUKAKARYA, KEC. TAROGONG KIDUL, KABUPATEN GARUT, JAWA BARAT 44151",SUKAKARYA,TAROGONG KIDUL,0262-232720,-7.213105,107.920109,2020,0
75,32,JAWA BARAT,3212,KABUPATEN INDRAMAYU,RSUD INDRAMAYU,"JL. MURAHNARA NO.7, SINDANG, KABUPATEN INDRAMAYU, JAWA BARAT 45222",SINDANG,INDRAMAYU,0234-023427265,-6.33021,108.32,2020,3
76,32,JAWA BARAT,3212,KABUPATEN INDRAMAYU,RSUD PANTURA MA SENTOT PATROL,"JL. RAYA PATROL NO.KM.46, PATROL LOR, KEC. PATROL, KABUPATEN INDRAMAYU, JAWA BARAT 45257",PATROL LOR,PATROL,0234-612715,-6.31432086,107.998717,2020,0
77,32,JAWA BARAT,3215,KABUPATEN KARAWANG,RSUD KARAWANG,"JL. GALUH MAS RAYA NO.1, SUKAHARJA, KEC. TELUKJAMBE TIM., KABUPATEN KARAWANG, JAWA BARAT 41361",SUKAHARJA,TELUKJAMBE TIMUR,0267-640444,-6.320752,107.293131,2020,4
78,32,JAWA BARAT,3208,KABUPATEN KUNINGAN,RSUD LINGGARJATI,JL. RAYA BANDORASA WETAN NO.36,BANDORASA WETAN,CILIMUS,0232-614885,-6.885481,108.493841,2020,3
79,32,JAWA BARAT,3208,KABUPATEN KUNINGAN,RSUD 45 KUNINGAN,JL .JEND SUDIRMAN NO. 68,KUNINGAN,KUNINGAN,0232-023287188,-6.984283,108.481617,2020,3
80,32,JAWA BARAT,3210,KABUPATEN MAJALENGKA,RSUD CIDERES,JL. RAYA CIDERES - KADIPATEN NO 180,BOJONGCIDERES,DAWUAN,0233-023366100,-6.760698,108.195011,2020,3
81,32,JAWA BARAT,3210,KABUPATEN MAJALENGKA,RSUD KABUPATEN MAJALENGKA,JL. KESEHATAN NO. 77 MAJALENGKA,MAJALENGKA WETAN,MAJALENGKA,0233-281189,-6.833815,108.233428,2020,3
82,32,JAWA BARAT,3218,KABUPATEN PANGANDARAN,RSUD KABUPATEN PANGANDARAN,JL. PANANJUNG NO.412,PANANJUNG,PANGANDARAN,0,-7.681342,108.647689,2020,3
83,32,JAWA BARAT,3214,KABUPATEN PURWAKARTA,RSUD BAYU ASIH,JL. VETERAN NO. 39,NAGRI KALER, PURWAKARTA,0264-200100,-6.5381349,107.443049,2020,0
84,32,JAWA BARAT,3213,KABUPATEN SUBANG,RSUD KAB SUBANG,JL. BRIGJEN KATAMSO NO.37, DANGDEUR,SUBANG,0260-417442,-6.558127,107.747054,2020,0
85,32,JAWA BARAT,3202,KABUPATEN SUKABUMI,RSUD SEKARWANGI,JL. SILIWANGI 49 CIBADAK,CIBADAK,CIBADAK,0266-531261,-6.89662,106.793175,2020,5
86,32,JAWA BARAT,3202,KABUPATEN SUKABUMI,RSUD JAMPANG KULON,JL. CIBARUSAH NO. 1, TANJUNG,JAMPANG KULON,0266-490009,-7.252668,106.625497,2020,6
87,32,JAWA BARAT,3202,KABUPATEN SUKABUMI,RSUD PALABUHANRATU,JL. AHMAD YANI NO.2,CITEPUS,PALABUHANRATU,0266-432081,-6.98904,106.557929,2020,6
88,32,JAWA BARAT,3211,KABUPATEN SUMEDANG,RSUD SUMEDANG,JL. PALASARI NO. 80,KOTAKULON,SUMEDANG SELATAN,0261-201021,-6.857049,107.920718,2020,0
89,32,JAWA BARAT,3206,KABUPATEN TASIKMALAYA,RSUD SINGAPARNA MEDIKA CITRAUTAMA (SMC),JL. RAYA RANCAMAYA,CIKUNTEN,SINGAPARNA,0812-157-5782,-7.358758,108.106736,2020,3
90,32,JAWA BARAT,3273,KOTA BANDUNG,RSU PUSAT DR. HASAN SADIKIN,JL. PASTEUR NO. 38,PASTEUR,SUKAJADI,022-2034954,-6.90017,107.600984,2020,0
91,32,JAWA BARAT,3273,KOTA BANDUNG,RSUD KOTA BANDUNG,JL. RUMAH SAKIT NO. 22 UJUNG BERUNG,PAKEMITAN,CINAMBO,022-7811794,-6.91541,107.69934,2020,0
92,32,JAWA BARAT,3279,KOTA BANJAR,RSUD KOTA BANJAR,JL. RUMAH SAKIT UMUM NO. 5,HEGARSARI,PATARUMAN,0265-332314,-7.368493,108.543096,2020,3
93,32,JAWA BARAT,3275,KOTA BEKASI,RSUD KOTA BEKASI,JL. PRAMUKA NO. 55,MARGA JAYA,BEKASI SELATAN,021-8841005,-6.270428,107.004955,2020,1
94,32,JAWA BARAT,3271,KOTA BOGOR,RSUD KOTA BOGOR,JL. DOKTOR SUMERU NO 120 BOGOR,MENTENG,BOGOR BARAT,0251-8312292,-6.58041,106.778,2020,5
95,32,JAWA BARAT,3277,KOTA CIMAHI,RSUD CIBABAT,JL. RAYA CIBABAT NO 140 CIMAHI,CIBABAT,CIMAHI UTARA,022-6652025,-6.87924083,107.550775,2020,0
96,32,JAWA BARAT,3274,KOTA CIREBON,RSUD GUNUNG JATI,JL. KESAMBI NO 56,DRAJAT,KESAMBI,0231-20633,-6.73077263,108.555372,2020,3
97,32,JAWA BARAT,3276,KOTA DEPOK,RSUD KOTA DEPOK,"JL. RAYA MUCHTAR NO.99, SAWANGAN LAMA, KEC. SAWANGAN, KOTA DEPOK, JAWA BARAT 16511",SAWANGAN LAMA,SAWANGAN,0251-8602514,-6.395751,106.759009,2020,5
98,32,JAWA BARAT,3272,KOTA SUKABUMI,RSUD R. SAMSUDIN SH,JL. RUMAH SAKIT NO.1,CIKOLE,CIKOLE,0266-225180,-6.914882,106.934792,2020,1
99,32,JAWA BARAT,3272,KOTA SUKABUMI,RSUD AL MULK,JL. PELABUHAN II KM 6,LEMBURSITU,LEMBURSITU,0266-6243088,-6.958535,106.897496,2020,1
100,32,JAWA BARAT,3278,KOTA TASIKMALAYA,RSUD DR. SOEKARDJO,JL. RUMAH SAKIT NO.33,EMPANGSARI,TAWANG,0265-331680,-7.33234718,108.22529,2020,3
101,32,JAWA BARAT,3204,KABUPATEN BANDUNG,RSUD CICALENGKA,"JL. H. DARHAM CIKOPO NO.35, TENJOLAYA, KEC. CICALENGKA, BANDUNG, JAWA BARAT 40395",TENJOLAYA,CICALENGKA,022-7952202,-6.98233728,107.842052,2021,0
102,32,JAWA BARAT,3204,KABUPATEN BANDUNG,RSUD AL IHSAN,"JL. KI ASTRAMANGGALA, BALEENDAH, KEC. BALEENDAH, BANDUNG, JAWA BARAT 40381, INDONESIA",BALEENDAH,BALEENDAH,022-5940872,-7.00770719,107.624064,2021,0
103,32,JAWA BARAT,3204,KABUPATEN BANDUNG,RSUD MAJALAYA,"JL. CIPAKU NO.87, CIPAKU, KEC. PASEH, BANDUNG, JAWA BARAT 40383, INDONESIA",CIPAKU,PASEH,022-5950035,-7.04929,107.772,2021,0
104,32,JAWA BARAT,3204,KABUPATEN BANDUNG,RSUD SOREANG,"JL. ALUN-ALUN UTARA NO.1, PAMEKARAN, KEC. SOREANG, BANDUNG, JAWA BARAT 40912, INDONESIA",PAMEKARAN,SOREANG,022-5891355,-7.03,108.0,2021,0
105,32,JAWA BARAT,3204,KABUPATEN BANDUNG,RSUD KESEHATAN KERJA,"JL. RANCAEKEK NO.KM.27, RW.NO.612, NANJUNGMEKAR, KEC. RANCAEKEK, KABUPATEN BANDUNG, JAWA BARAT 40394",NANJUNGMEKAR,RANCAEKEK,022-7798778,-6.967451,107.826241,2021,0
106,32,JAWA BARAT,3217,KABUPATEN BANDUNG BARAT,RSUD CIKALONG WETAN,"JL. CIKALONG NO.290, CIPTAGUMATI, KEC. CIKALONG WETAN, KABUPATEN BANDUNG BARAT, JAWA BARAT 40556, INDONESIA",CIPTAMUGATI,CIKALONG WETAN,022-86866016,-6.74374444,107.444976,2021,0
107,32,JAWA BARAT,3217,KABUPATEN BANDUNG BARAT,RSUD LEMBANG,"JL. RAYA LEMBANG KM 11,4 NO. 11, GUDANGKAHURIPAN, LEMBANG, GUDANGKAHURIPAN, LEMBANG, KABUPATEN BANDUNG BARAT, JAWA BARAT 40391, INDONESIA",GUDANGKAAHURIPAN,LEMBANG,022-2786879,-6.83820952,107.598325,2021,0
108,32,JAWA BARAT,3217,KABUPATEN BANDUNG BARAT,RSJ PROVINSI JAWA BARAT,"JL. KOLONEL MASTURI NO.KM.7, JAMBUDIPA, KEC. CISARUA, KABUPATEN BANDUNG BARAT, JAWA BARAT, INDONESIA",JAMBUDIPA,CISARUA,022-2700260,-6.80901504,107.563111,2021,0
109,32,JAWA BARAT,3217,KABUPATEN BANDUNG BARAT,RSUD CILILIN,"JL. CINTAKARYA, CILILIN, KABUPATEN BANDUNG BARAT, JAWA BARAT 40562, INDONESIA",CINTAKARYA,CILILIN,022-6941600,-6.94353815,107.459616,2021,0
110,32,JAWA BARAT,3216,KABUPATEN BEKASI,RSUD KABUPATEN BEKASI,"JL. RAYA TEUKU UMAR NO.202, WANASARI, KEC. CIBITUNG, BEKASI, JAWA BARAT 17520, INDONESIA",WANASARI,CIBITUNG,021-88374444,-6.27,107.0,2021,1
111,32,JAWA BARAT,3216,KABUPATEN BEKASI,RSUD CABANGBUNGIN,DESA JAYALAKSANA KECAMATAN CABANG BUNGIN KABUPATEN BEKASI,JAYALAKSANA,CABANGBUNGIN,0857-1767-8889,-6.1,107.0,2021,1
112,32,JAWA BARAT,3201,KABUPATEN BOGOR,RSUD LEUWILIANG,JL. RAYA CIBEBER - LEUWILIANG BOGOR,CIBEBER,LEUWILIANG,0251-8643290,-6.57,107.0,2021,1
113,32,JAWA BARAT,3201,KABUPATEN BOGOR,RSUD CIBINONG,JL. KSR DADI KUSMAYADI NO. 27 CIBINONG BOGOR,TENGAH,CIBINONG,021-8753487,-6.47,107.0,2021,1
114,32,JAWA BARAT,3201,KABUPATEN BOGOR,RSUD CIAWI,JL. RAYA PUNCAK 479 CIAWI BOGOR,BENDUNGAN,CIAWI,0518-240736,-6.66,107.0,2021,1
115,32,JAWA BARAT,3201,KABUPATEN BOGOR,RS UMUM DR MUHAMAD HASSAN TOTO,"JL. SARDJIO NO. 1, SEMPLAK KEC. KEMANG",ATANG SENJAYA,KEMANG,0251-7535976,-6.5,107.0,2021,1
116,32,JAWA BARAT,3201,KABUPATEN BOGOR,RSUD CILEUNGSI,JL. RAYA CILEUNGSI-JONGGOL KM.10 CILEUNGSI KABUPATEN BOGOR,CIPEUCANG,CILEUNGSI,021-89934667,-6.43,107.0,2021,1
117,32,JAWA BARAT,3207,KABUPATEN CIAMIS,RSUD CIAMIS,"JL. RUMAH SAKIT NO.76, CIAMIS,",CIAMIS,CIAMIS,0265-771018,-7.34,108.0,2021,0
118,32,JAWA BARAT,3207,KABUPATEN CIAMIS,RSUD KAWALI,"Jl. Raya Kawali-Cirebon No.37, Winduraja, Kec. Kawali, Kabupaten Ciamis, Jawa Barat 46253",WINDURAJA,KAWALI,0265-7511923,-7.1720345,108.368269,2021,3
119,32,JAWA BARAT,3203,KABUPATEN CIANJUR,RSUD CIMACAN,"JL. RAYA CIMACAN NO.17A, PALASARI, KEC. CIPANAS, KABUPATEN CIANJUR, JAWA BARAT 43253",PALASARI,CIPANAS,0263-512465,-6.72033255,107.032537,2021,1
120,32,JAWA BARAT,3203,KABUPATEN CIANJUR,RSUD SAYANG KAB CIANJUR,"JL. RUMAH SAKIT NO.1, BOJONGHERANG, KEC. CIANJUR, KABUPATEN CIANJUR, JAWA BARAT 43216",BOJONGHERANG,CIANJUR,0263-261026,-6.810525,107.141066,2021,2
121,32,JAWA BARAT,3203,KABUPATEN CIANJUR,RSUD PAGELARAN,JL. RAYA PAGELARAN NO 18 DESA PAGELARAN KEC. PAGELARAN KABUPATEN CIANJUR 43266,DESA PAGELARAN,PAGELARAN,0263--2361093,-7.21435837,107.139431,2021,2
122,32,JAWA BARAT,3209,KABUPATEN CIREBON,RSUD WALED,"JL. PRABU KIANSANTANG NO.4, WALED KOTA, WALED, CIREBON, JAWA BARAT 45187",WALED KOTA,WALED,0231-661126,-6.91304,108.719,2021,3
123,32,JAWA BARAT,3209,KABUPATEN CIREBON,RS PARU PROVINSI JAWA BARAT,"JL. PANGERAN KEJAKSAN PO.BOX 4 DESA SIDAWANGI, KECAMATAN SUMBER KABUPATEN CIREBON",SIDAWANGI,SUMBER,0231--8330707,-6.797155,108.475501,2021,3
124,32,JAWA BARAT,3209,KABUPATEN CIREBON,RSUD RJAWINANGUN,"JL. BY PASS PALIMANAN JAKARTA KM. 2 NO. 1, KEBONTURI, KEC. ARJAWINANGUN, KABUPATEN CIREBON, JAWA BARAT 45162",KEBONTURI,ARJAWINANGUN,0231-358335,-6.6565688,108.412696,2021,3
125,32,JAWA BARAT,3205,KABUPATEN GARUT,RSUD PAMEUNGPEUK,"JL. MIRAMAREU NO.99, SIRNABAKTI, PAMEUNGPEUK, KABUPATEN GARUT, JAWA BARAT 44175",SIRNABAKTI,PAMEUNGPEUK,0262-2816017,-7.22540946,107.911241,2021,0
126,32,JAWA BARAT,3205,KABUPATEN GARUT,RSUD DR SLAMET GARUT,"JL. RSU DR. SLAMET NO.12, SUKAKARYA, KEC. TAROGONG KIDUL, KABUPATEN GARUT, JAWA BARAT 44151",SUKAKARYA,TAROGONG KIDUL,0262-232720,-7.213105,107.920109,2021,0
127,32,JAWA BARAT,3212,KABUPATEN INDRAMAYU,RSUD INDRAMAYU,"JL. MURAHNARA NO.7, SINDANG, KABUPATEN INDRAMAYU, JAWA BARAT 45222",SINDANG,INDRAMAYU,0234-023427265,-6.33021,108.32,2021,3
128,32,JAWA BARAT,3212,KABUPATEN INDRAMAYU,RSUD PANTURA MA SENTOT PATROL,"JL. RAYA PATROL NO.KM.46, PATROL LOR, KEC. PATROL, KABUPATEN INDRAMAYU, JAWA BARAT 45257",PATROL LOR,PATROL,0234-612715,-6.31432086,107.998717,2021,0
129,32,JAWA BARAT,3212,KABUPATEN INDRAMAYU,RSUD M URSID IBNU SYAFIUDDIN,"Krangkeng, Kec. Krangkeng, Kabupaten Indramayu, Jawa Barat 45284",KRANGKENG,KRANGKENG,0,-6.495347,108.474553,2021,3
130,32,JAWA BARAT,3215,KABUPATEN KARAWANG,RSUD KARAWANG,"JL. GALUH MAS RAYA NO.1, SUKAHARJA, KEC. TELUKJAMBE TIM., KABUPATEN KARAWANG, JAWA BARAT 41361",SUKAHARJA,TELUKJAMBE TIMUR,0267-640444,-6.320752,107.293131,2021,4
131,32,JAWA BARAT,3208,KABUPATEN KUNINGAN,RSUD LINGGARJATI,JL. RAYA BANDORASA WETAN NO.36,BANDORASA WETAN,CILIMUS,0232-614885,-6.885481,108.493841,2021,3
132,32,JAWA BARAT,3208,KABUPATEN KUNINGAN,RSUD 45 KUNINGAN,JL .JEND SUDIRMAN NO. 68,KUNINGAN,KUNINGAN,0232-023287188,-6.984283,108.481617,2021,3
133,32,JAWA BARAT,3210,KABUPATEN MAJALENGKA,RSUD CIDERES,JL. RAYA CIDERES - KADIPATEN NO 180,BOJONGCIDERES,DAWUAN,0233-023366100,-6.760698,108.195011,2021,3
134,32,JAWA BARAT,3210,KABUPATEN MAJALENGKA,RSUD KABUPATEN MAJALENGKA,JL. KESEHATAN NO. 77 MAJALENGKA,MAJALENGKA WETAN,MAJALENGKA,0233-281189,-6.833815,108.233428,2021,3
135,32,JAWA BARAT,3218,KABUPATEN PANGANDARAN,RSUD KABUPATEN PANGANDARAN,JL. PANANJUNG NO.412,PANANJUNG,PANGANDARAN,0,-7.681342,108.647689,2021,3
136,32,JAWA BARAT,3214,KABUPATEN PURWAKARTA,RSUD BAYU ASIH,JL. VETERAN NO. 39,NAGRI KALER, PURWAKARTA,0264-200100,-65381349.0,107.443049,2021,-1
137,32,JAWA BARAT,3213,KABUPATEN SUBANG,RSUD KAB SUBANG,JL. BRIGJEN KATAMSO NO.37, DANGDEUR,SUBANG,0260-417442,-6.558127,107.747054,2021,0
138,32,JAWA BARAT,3202,KABUPATEN SUKABUMI,RSUD SEKARWANGI,JL. SILIWANGI 49 CIBADAK,CIBADAK,CIBADAK,0266-531261,-6.89662,106.793175,2021,5
139,32,JAWA BARAT,3202,KABUPATEN SUKABUMI,RSUD JAMPANG KULON,JL. CIBARUSAH NO. 1, TANJUNG,JAMPANG KULON,0266-490009,-7.252668,106.625497,2021,6
140,32,JAWA BARAT,3202,KABUPATEN SUKABUMI,RSUD PALABUHANRATU,JL. AHMAD YANI NO.2,CITEPUS,PALABUHANRATU,0266-432081,-6.98904,106.557929,2021,6
141,32,JAWA BARAT,3211,KABUPATEN SUMEDANG,RSUD SUMEDANG,JL. PALASARI NO. 80,KOTAKULON,SUMEDANG SELATAN,0261-201021,-6.857049,107.920718,2021,0
142,32,JAWA BARAT,3206,KABUPATEN TASIKMALAYA,RSUD SINGAPARNA MEDIKA CITRAUTAMA (SMC),JL. RAYA RANCAMAYA,CIKUNTEN,SINGAPARNA,0812-157-5782,-7.358758,108.106736,2021,3
143,32,JAWA BARAT,3273,KOTA BANDUNG,RSU PUSAT DR. HASAN SADIKIN,JL. PASTEUR NO. 38,PASTEUR,SUKAJADI,022-2034954,-6.90017,107.600984,2021,0
144,32,JAWA BARAT,3273,KOTA BANDUNG,RSUD KOTA BANDUNG,JL. RUMAH SAKIT NO. 22 UJUNG BERUNG,PAKEMITAN,CINAMBO,022-7811794,-6.91541,107.69934,2021,0
145,32,JAWA BARAT,3279,KOTA BANJAR,RSUD KOTA BANJAR,JL. RUMAH SAKIT UMUM NO. 5,HEGARSARI,PATARUMAN,0265-332314,-7.368493,108.543096,2021,3
146,32,JAWA BARAT,3279,KOTA BANJAR,RSUD ASIH HUSADA LANGENSARI,"JL. PAHLAWAN NO.25, MUKTISARI, KEC. LANGENSARI, KOTA BANJAR, JAWA BARAT 46343",MUKTISARI,LANGENSARI,0265-7484676,-7.3668666,108.608709,2021,3
147,32,JAWA BARAT,3275,KOTA BEKASI,RSUD KOTA BEKASI,JL. PRAMUKA NO. 55,MARGA JAYA,BEKASI SELATAN,021-8841005,-6.270428,107.004955,2021,1
148,32,JAWA BARAT,3275,KOTA BEKASI,RSUD PONDOK GEDE,"JL. RAYA JATIWARINGIN NO.1, RT.001/RW.009, JATIWARINGIN, KEC. PD. GEDE, KOTA BKS, JAWA BARAT 17411",JATIWARINGIN,PONDOK GEDE,021-85516033,-6.2828185,106.913621,2021,1
149,32,JAWA BARAT,3275,KOTA BEKASI,RSUD JATISAMPURNA,"L. RAYA KRANGGAN NO.26, RT.001/RW.004, JATISAMPURNA, KEC. JATISAMPURNA, KOTA BKS, JAWA BARAT 17433",KRANGGAN,JATISAMPURNA,021-22817282,-6.3635511,106.92151,2021,1
150,32,JAWA BARAT,3275,KOTA BEKASI,RSUD BANTARGEBANG,"JL. SILIWANGI NO.KM. 10, RT.004/RW.001, BANTARGEBANG, KEC. BANTAR GEBANG, KOTA BKS, JAWA BARAT 17152",BANTARGEBANG,BANTARGEBANG,021-82637773,-6.3146173,106.986518,2021,1
151,32,JAWA BARAT,3275,KOTA BEKASI,RSUD TELUK PUCUNG,"JL. LKR. UTARA, RT.002/RW.006, TLK. PUCUNG, KEC. BEKASI UTARA, KOTA BKS, JAWA BARAT 17121",TELUK PUCUNG,BEKASI UTARA,021-38312012,-6.2102844,107.027722,2021,1
152,32,JAWA BARAT,3271,KOTA BOGOR,RSUD KOTA BOGOR,JL. DOKTOR SUMERU NO 120 BOGOR,MENTENG,BOGOR BARAT,0251-8312292,-6.58041,106.778,2021,5
153,32,JAWA BARAT,3277,KOTA CIMAHI,RSUD CIBABAT,JL. RAYA CIBABAT NO 140 CIMAHI,CIBABAT,CIMAHI UTARA,022-6652025,-6.87924083,107.550775,2021,0
154,32,JAWA BARAT,3274,KOTA CIREBON,RSUD GUNUNG JATI,JL. KESAMBI NO 56,DRAJAT,KESAMBI,0231-20633,-6.73077263,108.555372,2021,3
155,32,JAWA BARAT,3276,KOTA DEPOK,RSUD KOTA DEPOK,"JL. RAYA MUCHTAR NO.99, SAWANGAN LAMA, KEC. SAWANGAN, KOTA DEPOK, JAWA BARAT 16511",SAWANGAN LAMA,SAWANGAN,0251-8602514,-6.395751,106.759009,2021,5
156,32,JAWA BARAT,3272,KOTA SUKABUMI,RSUD R. SAMSUDIN SH,JL. RUMAH SAKIT NO.1,CIKOLE,CIKOLE,0266-225180,-6.914882,106.934792,2021,1
157,32,JAWA BARAT,3272,KOTA SUKABUMI,RSUD AL MULK,JL. PELABUHAN II KM 6,LEMBURSITU,LEMBURSITU,0266-6243088,-6.958535,106.897496,2021,1
158,32,JAWA BARAT,3278,KOTA TASIKMALAYA,RSUD DR. SOEKARDJO,JL. RUMAH SAKIT NO.33,EMPANGSARI,TAWANG,0265-331680,-7.33234718,108.22529,2021,3
159,32,JAWA BARAT,3204,KABUPATEN BANDUNG,RSUD CICALENGKA,"JL. H. DARHAM CIKOPO NO.35, TENJOLAYA, KEC. CICALENGKA, BANDUNG, JAWA BARAT 40395",TENJOLAYA,CICALENGKA,022-7952202,-6.98233728,107.842052,2022,0
160,32,JAWA BARAT,3204,KABUPATEN BANDUNG,RSUD AL IHSAN,"JL. KI ASTRAMANGGALA, BALEENDAH, KEC. BALEENDAH, BANDUNG, JAWA BARAT 40381, INDONESIA",BALEENDAH,BALEENDAH,022-5940872,-7.00770719,107.624064,2022,0
161,32,JAWA BARAT,3204,KABUPATEN BANDUNG,RSUD MAJALAYA,"JL. CIPAKU NO.87, CIPAKU, KEC. PASEH, BANDUNG, JAWA BARAT 40383, INDONESIA",CIPAKU,PASEH,022-5950035,-7.04929,107.772,2022,0
162,32,JAWA BARAT,3204,KABUPATEN BANDUNG,RSUD SOREANG,"JL. ALUN-ALUN UTARA NO.1, PAMEKARAN, KEC. SOREANG, BANDUNG, JAWA BARAT 40912, INDONESIA",PAMEKARAN,SOREANG,022-5891355,-7.03,108.0,2022,0
163,32,JAWA BARAT,3204,KABUPATEN BANDUNG,RSUD KESEHATAN KERJA,"JL. RANCAEKEK NO.KM.27, RW.NO.612, NANJUNGMEKAR, KEC. RANCAEKEK, KABUPATEN BANDUNG, JAWA BARAT 40394",NANJUNGMEKAR,RANCAEKEK,022-7798778,-6.967451,107.826241,2022,0
164,32,JAWA BARAT,3217,KABUPATEN BANDUNG BARAT,RSUD CIKALONG WETAN,"JL. CIKALONG NO.290, CIPTAGUMATI, KEC. CIKALONG WETAN, KABUPATEN BANDUNG BARAT, JAWA BARAT 40556, INDONESIA",CIPTAMUGATI,CIKALONG WETAN,022-86866016,-6.74374444,107.444976,2022,0
165,32,JAWA BARAT,3217,KABUPATEN BANDUNG BARAT,RSUD LEMBANG,"JL. RAYA LEMBANG KM 11,4 NO. 11, GUDANGKAHURIPAN, LEMBANG, GUDANGKAHURIPAN, LEMBANG, KABUPATEN BANDUNG BARAT, JAWA BARAT 40391, INDONESIA",GUDANGKAAHURIPAN,LEMBANG,022-2786879,-6.83820952,107.598325,2022,0
166,32,JAWA BARAT,3217,KABUPATEN BANDUNG BARAT,RSJ PROVINSI JAWA BARAT,"JL. KOLONEL MASTURI NO.KM.7, JAMBUDIPA, KEC. CISARUA, KABUPATEN BANDUNG BARAT, JAWA BARAT, INDONESIA",JAMBUDIPA,CISARUA,022-2700260,-6.80901504,107.563111,2022,0
167,32,JAWA BARAT,3217,KABUPATEN BANDUNG BARAT,RSUD CILILIN,"JL. CINTAKARYA, CILILIN, KABUPATEN BANDUNG BARAT, JAWA BARAT 40562, INDONESIA",CINTAKARYA,CILILIN,022-6941600,-6.94353815,107.459616,2022,0
168,32,JAWA BARAT,3216,KABUPATEN BEKASI,RSUD KABUPATEN BEKASI,"JL. RAYA TEUKU UMAR NO.202, WANASARI, KEC. CIBITUNG, BEKASI, JAWA BARAT 17520, INDONESIA",WANASARI,CIBITUNG,021-88374444,-6.27,107.0,2022,1
169,32,JAWA BARAT,3216,KABUPATEN BEKASI,RSUD CABANGBUNGIN,DESA JAYALAKSANA KECAMATAN CABANG BUNGIN KABUPATEN BEKASI,JAYALAKSANA,CABANGBUNGIN,0857-1767-8889,-6.1,107.0,2022,1
170,32,JAWA BARAT,3201,KABUPATEN BOGOR,RSUD LEUWILIANG,JL. RAYA CIBEBER - LEUWILIANG BOGOR,CIBEBER,LEUWILIANG,0251-8643290,-6.57,107.0,2022,1
171,32,JAWA BARAT,3201,KABUPATEN BOGOR,RSUD CIBINONG,JL. KSR DADI KUSMAYADI NO. 27 CIBINONG BOGOR,TENGAH,CIBINONG,021-8753487,-6.47,107.0,2022,1
172,32,JAWA BARAT,3201,KABUPATEN BOGOR,RSUD CIAWI,JL. RAYA PUNCAK 479 CIAWI BOGOR,BENDUNGAN,CIAWI,0518-240736,-6.66,107.0,2022,1
173,32,JAWA BARAT,3201,KABUPATEN BOGOR,RS UMUM DR MUHAMAD HASSAN TOTO,"JL. SARDJIO NO. 1, SEMPLAK KEC. KEMANG",ATANG SENJAYA,KEMANG,0251-7535976,-6.5,107.0,2022,1
174,32,JAWA BARAT,3201,KABUPATEN BOGOR,RSUD CILEUNGSI,JL. RAYA CILEUNGSI-JONGGOL KM.10 CILEUNGSI KABUPATEN BOGOR,CIPEUCANG,CILEUNGSI,021-89934667,-6.43,107.0,2022,1
175,32,JAWA BARAT,3207,KABUPATEN CIAMIS,RSUD CIAMIS,"JL. RUMAH SAKIT NO.76, CIAMIS,",CIAMIS,CIAMIS,0265-771018,-7.34,108.0,2022,0
176,32,JAWA BARAT,3207,KABUPATEN CIAMIS,RSUD KAWALI,"Jl. Raya Kawali-Cirebon No.37, Winduraja, Kec. Kawali, Kabupaten Ciamis, Jawa Barat 46253",WINDURAJA,KAWALI,0265-7511923,-7.1720345,108.368269,2022,3
177,32,JAWA BARAT,3203,KABUPATEN CIANJUR,RSUD CIMACAN,"JL. RAYA CIMACAN NO.17A, PALASARI, KEC. CIPANAS, KABUPATEN CIANJUR, JAWA BARAT 43253",PALASARI,CIPANAS,0263-512465,-6.72033255,107.032537,2022,1
178,32,JAWA BARAT,3203,KABUPATEN CIANJUR,RSUD SAYANG KAB CIANJUR,"JL. RUMAH SAKIT NO.1, BOJONGHERANG, KEC. CIANJUR, KABUPATEN CIANJUR, JAWA BARAT 43216",BOJONGHERANG,CIANJUR,0263-261026,-6.810525,107.141066,2022,2
179,32,JAWA BARAT,3203,KABUPATEN CIANJUR,RSUD PAGELARAN,JL. RAYA PAGELARAN NO 18 DESA PAGELARAN KEC. PAGELARAN KABUPATEN CIANJUR 43266,DESA PAGELARAN,PAGELARAN,0263--2361093,-7.21435837,107.139431,2022,2
180,32,JAWA BARAT,3209,KABUPATEN CIREBON,RSUD WALED,"JL. PRABU KIANSANTANG NO.4, WALED KOTA, WALED, CIREBON, JAWA BARAT 45187",WALED KOTA,WALED,0231-661126,-6.91304,108.719,2022,3
181,32,JAWA BARAT,3209,KABUPATEN CIREBON,RS PARU PROVINSI JAWA BARAT,"JL. PANGERAN KEJAKSAN PO.BOX 4 DESA SIDAWANGI, KECAMATAN SUMBER KABUPATEN CIREBON",SIDAWANGI,SUMBER,0231--8330707,-6.797155,108.475501,2022,3
182,32,JAWA BARAT,3209,KABUPATEN CIREBON,RSUD RJAWINANGUN,"JL. BY PASS PALIMANAN JAKARTA KM. 2 NO. 1, KEBONTURI, KEC. ARJAWINANGUN, KABUPATEN CIREBON, JAWA BARAT 45162",KEBONTURI,ARJAWINANGUN,0231-358335,-6.6565688,108.412696,2022,3
183,32,JAWA BARAT,3205,KABUPATEN GARUT,RSUD PAMEUNGPEUK,"JL. MIRAMAREU NO.99, SIRNABAKTI, PAMEUNGPEUK, KABUPATEN GARUT, JAWA BARAT 44175",SIRNABAKTI,PAMEUNGPEUK,0262-2816017,-7.22540946,107.911241,2022,0
184,32,JAWA BARAT,3205,KABUPATEN GARUT,RSUD DR SLAMET GARUT,"JL. RSU DR. SLAMET NO.12, SUKAKARYA, KEC. TAROGONG KIDUL, KABUPATEN GARUT, JAWA BARAT 44151",SUKAKARYA,TAROGONG KIDUL,0262-232720,-7.213105,107.920109,2022,0
185,32,JAWA BARAT,3212,KABUPATEN INDRAMAYU,RSUD INDRAMAYU,"JL. MURAHNARA NO.7, SINDANG, KABUPATEN INDRAMAYU, JAWA BARAT 45222",SINDANG,INDRAMAYU,0234-023427265,-6.33021,108.32,2022,3
186,32,JAWA BARAT,3212,KABUPATEN INDRAMAYU,RSUD PANTURA MA SENTOT PATROL,"JL. RAYA PATROL NO.KM.46, PATROL LOR, KEC. PATROL, KABUPATEN INDRAMAYU, JAWA BARAT 45257",PATROL LOR,PATROL,0234-612715,-6.31432086,107.998717,2022,0
187,32,JAWA BARAT,3212,KABUPATEN INDRAMAYU,RSUD M URSID IBNU SYAFIUDDIN,"Krangkeng, Kec. Krangkeng, Kabupaten Indramayu, Jawa Barat 45284",KRANGKENG,KRANGKENG,0,-6.495347,108.474553,2022,3
188,32,JAWA BARAT,3215,KABUPATEN KARAWANG,RSUD KARAWANG,"JL. GALUH MAS RAYA NO.1, SUKAHARJA, KEC. TELUKJAMBE TIM., KABUPATEN KARAWANG, JAWA BARAT 41361",SUKAHARJA,TELUKJAMBE TIMUR,0267-640444,-6.320752,107.293131,2022,4
189,32,JAWA BARAT,3208,KABUPATEN KUNINGAN,RSUD LINGGARJATI,JL. RAYA BANDORASA WETAN NO.36,BANDORASA WETAN,CILIMUS,0232-614885,-6.885481,108.493841,2022,3
190,32,JAWA BARAT,3208,KABUPATEN KUNINGAN,RSUD 45 KUNINGAN,JL .JEND SUDIRMAN NO. 68,KUNINGAN,KUNINGAN,0232-023287188,-6.984283,108.481617,2022,3
191,32,JAWA BARAT,3210,KABUPATEN MAJALENGKA,RSUD CIDERES,JL. RAYA CIDERES - KADIPATEN NO 180,BOJONGCIDERES,DAWUAN,0233-023366100,-6.760698,108.195011,2022,3
192,32,JAWA BARAT,3210,KABUPATEN MAJALENGKA,RSUD KABUPATEN MAJALENGKA,JL. KESEHATAN NO. 77 MAJALENGKA,MAJALENGKA WETAN,MAJALENGKA,0233-281189,-6.833815,108.233428,2022,3
193,32,JAWA BARAT,3218,KABUPATEN PANGANDARAN,RSUD KABUPATEN PANGANDARAN,JL. PANANJUNG NO.412,PANANJUNG,PANGANDARAN,0,-7.681342,108.647689,2022,3
194,32,JAWA BARAT,3214,KABUPATEN PURWAKARTA,RSUD BAYU ASIH,JL. VETERAN NO. 39,NAGRI KALER, PURWAKARTA,0264-200100,-65381349.0,107.443049,2022,-1
195,32,JAWA BARAT,3213,KABUPATEN SUBANG,RSUD KAB SUBANG,JL. BRIGJEN KATAMSO NO.37, DANGDEUR,SUBANG,0260-417442,-6.558127,107.747054,2022,0
196,32,JAWA BARAT,3202,KABUPATEN SUKABUMI,RSUD SEKARWANGI,JL. SILIWANGI 49 CIBADAK,CIBADAK,CIBADAK,0266-531261,-6.89662,106.793175,2022,5
197,32,JAWA BARAT,3202,KABUPATEN SUKABUMI,RSUD JAMPANG KULON,JL. CIBARUSAH NO. 1, TANJUNG,JAMPANG KULON,0266-490009,-7.252668,106.625497,2022,6
198,32,JAWA BARAT,3202,KABUPATEN SUKABUMI,RSUD PALABUHANRATU,JL. AHMAD YANI NO.2,CITEPUS,PALABUHANRATU,0266-432081,-6.98904,106.557929,2022,6
199,32,JAWA BARAT,3211,KABUPATEN SUMEDANG,RSUD SUMEDANG,JL. PALASARI NO. 80,KOTAKULON,SUMEDANG SELATAN,0261-201021,-6.857049,107.920718,2022,0
200,32,JAWA BARAT,3206,KABUPATEN TASIKMALAYA,RSUD SINGAPARNA MEDIKA CITRAUTAMA (SMC),JL. RAYA RANCAMAYA,CIKUNTEN,SINGAPARNA,0812-157-5782,-7.358758,108.106736,2022,3
201,32,JAWA BARAT,3273,KOTA BANDUNG,RSU PUSAT DR. HASAN SADIKIN,JL. PASTEUR NO. 38,PASTEUR,SUKAJADI,022-2034954,-6.90017,107.600984,2022,0
202,32,JAWA BARAT,3273,KOTA BANDUNG,RSUD KOTA BANDUNG,JL. RUMAH SAKIT NO. 22 UJUNG BERUNG,PAKEMITAN,CINAMBO,022-7811794,-6.91541,107.69934,2022,0
203,32,JAWA BARAT,3279,KOTA BANJAR,RSUD KOTA BANJAR,JL. RUMAH SAKIT UMUM NO. 5,HEGARSARI,PATARUMAN,0265-332314,-7.368493,108.543096,2022,3
204,32,JAWA BARAT,3279,KOTA BANJAR,RSUD ASIH HUSADA LANGENSARI,"JL. PAHLAWAN NO.25, MUKTISARI, KEC. LANGENSARI, KOTA BANJAR, JAWA BARAT 46343",MUKTISARI,LANGENSARI,0265-7484676,-7.3668666,108.608709,2022,3
205,32,JAWA BARAT,3275,KOTA BEKASI,RSUD KOTA BEKASI,JL. PRAMUKA NO. 55,MARGA JAYA,BEKASI SELATAN,021-8841005,-6.270428,107.004955,2022,1
206,32,JAWA BARAT,3275,KOTA BEKASI,RSUD PONDOK GEDE,"JL. RAYA JATIWARINGIN NO.1, RT.001/RW.009, JATIWARINGIN, KEC. PD. GEDE, KOTA BKS, JAWA BARAT 17411",JATIWARINGIN,PONDOK GEDE,021-85516033,-6.2828185,106.913621,2022,1
207,32,JAWA BARAT,3275,KOTA BEKASI,RSUD JATISAMPURNA,"L. RAYA KRANGGAN NO.26, RT.001/RW.004, JATISAMPURNA, KEC. JATISAMPURNA, KOTA BKS, JAWA BARAT 17433",KRANGGAN,JATISAMPURNA,021-22817282,-6.3635511,106.92151,2022,1
208,32,JAWA BARAT,3275,KOTA BEKASI,RSUD BANTARGEBANG,"JL. SILIWANGI NO.KM. 10, RT.004/RW.001, BANTARGEBANG, KEC. BANTAR GEBANG, KOTA BKS, JAWA BARAT 17152",BANTARGEBANG,BANTARGEBANG,021-82637773,-6.3146173,106.986518,2022,1
209,32,JAWA BARAT,3275,KOTA BEKASI,RSUD TELUK PUCUNG,"JL. LKR. UTARA, RT.002/RW.006, TLK. PUCUNG, KEC. BEKASI UTARA, KOTA BKS, JAWA BARAT 17121",TELUK PUCUNG,BEKASI UTARA,021-38312012,-6.2102844,107.027722,2022,1
210,32,JAWA BARAT,3271,KOTA BOGOR,RSUD KOTA BOGOR,JL. DOKTOR SUMERU NO 120 BOGOR,MENTENG,BOGOR BARAT,0251-8312292,-6.58041,106.778,2022,5
211,32,JAWA BARAT,3277,KOTA CIMAHI,RSUD CIBABAT,JL. RAYA CIBABAT NO 140 CIMAHI,CIBABAT,CIMAHI UTARA,022-6652025,-6.87924083,107.550775,2022,0
212,32,JAWA BARAT,3274,KOTA CIREBON,RSUD GUNUNG JATI,JL. KESAMBI NO 56,DRAJAT,KESAMBI,0231-20633,-6.73077263,108.555372,2022,3
213,32,JAWA BARAT,3276,KOTA DEPOK,RSUD KOTA DEPOK,"JL. RAYA MUCHTAR NO.99, SAWANGAN LAMA, KEC. SAWANGAN, KOTA DEPOK, JAWA BARAT 16511",SAWANGAN LAMA,SAWANGAN,0251-8602514,-6.395751,106.759009,2022,5
214,32,JAWA BARAT,3272,KOTA SUKABUMI,RSUD R. SAMSUDIN SH,JL. RUMAH SAKIT NO.1,CIKOLE,CIKOLE,0266-225180,-6.914882,106.934792,2022,1
215,32,JAWA BARAT,3272,KOTA SUKABUMI,RSUD AL MULK,JL. PELABUHAN II KM 6,LEMBURSITU,LEMBURSITU,0266-6243088,-6.958535,106.897496,2022,1
216,32,JAWA BARAT,3278,KOTA TASIKMALAYA,RSUD DR. SOEKARDJO,JL. RUMAH SAKIT NO.33,EMPANGSARI,TAWANG,0265-331680,-7.33234718,108.22529,2022,3
217,32,JAWA BARAT,3204,KABUPATEN BANDUNG,RSUD CICALENGKA,"JL. H. DARHAM CIKOPO NO.35, TENJOLAYA, KEC. CICALENGKA, BANDUNG, JAWA BARAT 40395",TENJOLAYA,CICALENGKA,022-7952202,-6.98233728,107.842052,2023,0
218,32,JAWA BARAT,3204,KABUPATEN BANDUNG,RSUD AL IHSAN,"JL. KI ASTRAMANGGALA, BALEENDAH, KEC. BALEENDAH, BANDUNG, JAWA BARAT 40381, INDONESIA",BALEENDAH,BALEENDAH,022-5940872,-7.00770719,107.624064,2023,0
219,32,JAWA BARAT,3204,KABUPATEN BANDUNG,RSUD MAJALAYA,"JL. CIPAKU NO.87, CIPAKU, KEC. PASEH, BANDUNG, JAWA BARAT 40383, INDONESIA",CIPAKU,PASEH,022-5950035,-7.04929,107.772,2023,0
220,32,JAWA BARAT,3204,KABUPATEN BANDUNG,RSUD SOREANG,"JL. ALUN-ALUN UTARA NO.1, PAMEKARAN, KEC. SOREANG, BANDUNG, JAWA BARAT 40912, INDONESIA",PAMEKARAN,SOREANG,022-5891355,-7.03,108.0,2023,0
221,32,JAWA BARAT,3204,KABUPATEN BANDUNG,RSUD KESEHATAN KERJA,"JL. RANCAEKEK NO.KM.27, RW.NO.612, NANJUNGMEKAR, KEC. RANCAEKEK, KABUPATEN BANDUNG, JAWA BARAT 40394",NANJUNGMEKAR,RANCAEKEK,022-7798778,-6.967451,107.826241,2023,0
222,32,JAWA BARAT,3217,KABUPATEN BANDUNG BARAT,RSUD CIKALONG WETAN,"JL. CIKALONG NO.290, CIPTAGUMATI, KEC. CIKALONG WETAN, KABUPATEN BANDUNG BARAT, JAWA BARAT 40556, INDONESIA",CIPTAMUGATI,CIKALONG WETAN,022-86866016,-6.74374444,107.444976,2023,0
223,32,JAWA BARAT,3217,KABUPATEN BANDUNG BARAT,RSUD LEMBANG,"JL. RAYA LEMBANG KM 11,4 NO. 11, GUDANGKAHURIPAN, LEMBANG, GUDANGKAHURIPAN, LEMBANG, KABUPATEN BANDUNG BARAT, JAWA BARAT 40391, INDONESIA",GUDANGKAAHURIPAN,LEMBANG,022-2786879,-6.83820952,107.598325,2023,0
224,32,JAWA BARAT,3217,KABUPATEN BANDUNG BARAT,RSJ PROVINSI JAWA BARAT,"JL. KOLONEL MASTURI NO.KM.7, JAMBUDIPA, KEC. CISARUA, KABUPATEN BANDUNG BARAT, JAWA BARAT, INDONESIA",JAMBUDIPA,CISARUA,022-2700260,-6.80901504,107.563111,2023,0
225,32,JAWA BARAT,3217,KABUPATEN BANDUNG BARAT,RSUD CILILIN,"JL. CINTAKARYA, CILILIN, KABUPATEN BANDUNG BARAT, JAWA BARAT 40562, INDONESIA",CINTAKARYA,CILILIN,022-6941600,-6.94353815,107.459616,2023,0
226,32,JAWA BARAT,3216,KABUPATEN BEKASI,RSUD KABUPATEN BEKASI,"JL. RAYA TEUKU UMAR NO.202, WANASARI, KEC. CIBITUNG, BEKASI, JAWA BARAT 17520, INDONESIA",WANASARI,CIBITUNG,021-88374444,-6.27,107.0,2023,1
227,32,JAWA BARAT,3216,KABUPATEN BEKASI,RSUD CABANGBUNGIN,DESA JAYALAKSANA KECAMATAN CABANG BUNGIN KABUPATEN BEKASI,JAYALAKSANA,CABANGBUNGIN,0857-1767-8889,-6.1,107.0,2023,1
228,32,JAWA BARAT,3201,KABUPATEN BOGOR,RSUD LEUWILIANG,JL. RAYA CIBEBER - LEUWILIANG BOGOR,CIBEBER,LEUWILIANG,0251-8643290,-6.57,107.0,2023,1
229,32,JAWA BARAT,3201,KABUPATEN BOGOR,RSUD CIBINONG,JL. KSR DADI KUSMAYADI NO. 27 CIBINONG BOGOR,TENGAH,CIBINONG,021-8753487,-6.47,107.0,2023,1
230,32,JAWA BARAT,3201,KABUPATEN BOGOR,RSUD CIAWI,JL. RAYA PUNCAK 479 CIAWI BOGOR,BENDUNGAN,CIAWI,0518-240736,-6.66,107.0,2023,1
231,32,JAWA BARAT,3201,KABUPATEN BOGOR,RS UMUM DR MUHAMAD HASSAN TOTO,"JL. SARDJIO NO. 1, SEMPLAK KEC. KEMANG",ATANG SENJAYA,KEMANG,0251-7535976,-6.5,107.0,2023,1
232,32,JAWA BARAT,3201,KABUPATEN BOGOR,RSUD CILEUNGSI,JL. RAYA CILEUNGSI-JONGGOL KM.10 CILEUNGSI KABUPATEN BOGOR,CIPEUCANG,CILEUNGSI,021-89934667,-6.43,107.0,2023,1
233,32,JAWA BARAT,3207,KABUPATEN CIAMIS,RSUD CIAMIS,"JL. RUMAH SAKIT NO.76, CIAMIS,",CIAMIS,CIAMIS,0265-771018,-7.34,108.0,2023,0
234,32,JAWA BARAT,3207,KABUPATEN CIAMIS,RSUD KAWALI,"Jl. Raya Kawali-Cirebon No.37, Winduraja, Kec. Kawali, Kabupaten Ciamis, Jawa Barat 46253",WINDURAJA,KAWALI,0265-7511923,-7.1720345,108.368269,2023,3
235,32,JAWA BARAT,3203,KABUPATEN CIANJUR,RSUD CIMACAN,"JL. RAYA CIMACAN NO.17A, PALASARI, KEC. CIPANAS, KABUPATEN CIANJUR, JAWA BARAT 43253",PALASARI,CIPANAS,0263-512465,-6.72033255,107.032537,2023,1
236,32,JAWA BARAT,3203,KABUPATEN CIANJUR,RSUD SAYANG KAB CIANJUR,"JL. RUMAH SAKIT NO.1, BOJONGHERANG, KEC. CIANJUR, KABUPATEN CIANJUR, JAWA BARAT 43216",BOJONGHERANG,CIANJUR,0263-261026,-6.810525,107.141066,2023,2
237,32,JAWA BARAT,3203,KABUPATEN CIANJUR,RSUD PAGELARAN,JL. RAYA PAGELARAN NO 18 DESA PAGELARAN KEC. PAGELARAN KABUPATEN CIANJUR 43266,DESA PAGELARAN,PAGELARAN,0263--2361093,-7.21435837,107.139431,2023,2
238,32,JAWA BARAT,3209,KABUPATEN CIREBON,RSUD WALED,"JL. PRABU KIANSANTANG NO.4, WALED KOTA, WALED, CIREBON, JAWA BARAT 45187",WALED KOTA,WALED,0231-661126,-6.91304,108.719,2023,3
239,32,JAWA BARAT,3209,KABUPATEN CIREBON,RS PARU PROVINSI JAWA BARAT,"JL. PANGERAN KEJAKSAN PO.BOX 4 DESA SIDAWANGI, KECAMATAN SUMBER KABUPATEN CIREBON",SIDAWANGI,SUMBER,0231--8330707,-6.797155,108.475501,2023,3
240,32,JAWA BARAT,3209,KABUPATEN CIREBON,RSUD RJAWINANGUN,"JL. BY PASS PALIMANAN JAKARTA KM. 2 NO. 1, KEBONTURI, KEC. ARJAWINANGUN, KABUPATEN CIREBON, JAWA BARAT 45162",KEBONTURI,ARJAWINANGUN,0231-358335,-6.6565688,108.412696,2023,3
241,32,JAWA BARAT,3205,KABUPATEN GARUT,RSUD PAMEUNGPEUK,"JL. MIRAMAREU NO.99, SIRNABAKTI, PAMEUNGPEUK, KABUPATEN GARUT, JAWA BARAT 44175",SIRNABAKTI,PAMEUNGPEUK,0262-2816017,-7.22540946,107.911241,2023,0
242,32,JAWA BARAT,3205,KABUPATEN GARUT,RSUD DR SLAMET GARUT,"JL. RSU DR. SLAMET NO.12, SUKAKARYA, KEC. TAROGONG KIDUL, KABUPATEN GARUT, JAWA BARAT 44151",SUKAKARYA,TAROGONG KIDUL,0262-232720,-7.213105,107.920109,2023,0
243,32,JAWA BARAT,3212,KABUPATEN INDRAMAYU,RSUD INDRAMAYU,"JL. MURAHNARA NO.7, SINDANG, KABUPATEN INDRAMAYU, JAWA BARAT 45222",SINDANG,INDRAMAYU,0234-023427265,-6.33021,108.32,2023,3
244,32,JAWA BARAT,3212,KABUPATEN INDRAMAYU,RSUD PANTURA MA SENTOT PATROL,"JL. RAYA PATROL NO.KM.46, PATROL LOR, KEC. PATROL, KABUPATEN INDRAMAYU, JAWA BARAT 45257",PATROL LOR,PATROL,0234-612715,-6.31432086,107.998717,2023,0
245,32,JAWA BARAT,3212,KABUPATEN INDRAMAYU,RSUD M URSID IBNU SYAFIUDDIN,"Krangkeng, Kec. Krangkeng, Kabupaten Indramayu, Jawa Barat 45284",KRANGKENG,KRANGKENG,0,-6.495347,108.474553,2023,3
246,32,JAWA BARAT,3215,KABUPATEN KARAWANG,RSUD KARAWANG,"JL. GALUH MAS RAYA NO.1, SUKAHARJA, KEC. TELUKJAMBE TIM., KABUPATEN KARAWANG, JAWA BARAT 41361",SUKAHARJA,TELUKJAMBE TIMUR,0267-640444,-6.320752,107.293131,2023,4
247,32,JAWA BARAT,3208,KABUPATEN KUNINGAN,RSUD LINGGARJATI,JL. RAYA BANDORASA WETAN NO.36,BANDORASA WETAN,CILIMUS,0232-614885,-6.885481,108.493841,2023,3
248,32,JAWA BARAT,3208,KABUPATEN KUNINGAN,RSUD 45 KUNINGAN,JL .JEND SUDIRMAN NO. 68,KUNINGAN,KUNINGAN,0232-023287188,-6.984283,108.481617,2023,3
249,32,JAWA BARAT,3210,KABUPATEN MAJALENGKA,RSUD CIDERES,JL. RAYA CIDERES - KADIPATEN NO 180,BOJONGCIDERES,DAWUAN,0233-023366100,-6.760698,108.195011,2023,3
250,32,JAWA BARAT,3210,KABUPATEN MAJALENGKA,RSUD KABUPATEN MAJALENGKA,JL. KESEHATAN NO. 77 MAJALENGKA,MAJALENGKA WETAN,MAJALENGKA,0233-281189,-6.833815,108.233428,2023,3
251,32,JAWA BARAT,3218,KABUPATEN PANGANDARAN,RSUD KABUPATEN PANGANDARAN,JL. PANANJUNG NO.412,PANANJUNG,PANGANDARAN,0,-7.681342,108.647689,2023,3
252,32,JAWA BARAT,3214,KABUPATEN PURWAKARTA,RSUD BAYU ASIH,JL. VETERAN NO. 39,NAGRI KALER, PURWAKARTA,0264-200100,-65381349.0,107.443049,2023,-1
253,32,JAWA BARAT,3213,KABUPATEN SUBANG,RSUD KAB SUBANG,JL. BRIGJEN KATAMSO NO.37, DANGDEUR,SUBANG,0260-417442,-6.558127,107.747054,2023,0
254,32,JAWA BARAT,3202,KABUPATEN SUKABUMI,RSUD SEKARWANGI,JL. SILIWANGI 49 CIBADAK,CIBADAK,CIBADAK,0266-531261,-6.89662,106.793175,2023,5
255,32,JAWA BARAT,3202,KABUPATEN SUKABUMI,RSUD JAMPANG KULON,JL. CIBARUSAH NO. 1, TANJUNG,JAMPANG KULON,0266-490009,-7.252668,106.625497,2023,6
256,32,JAWA BARAT,3202,KABUPATEN SUKABUMI,RSUD PALABUHANRATU,JL. AHMAD YANI NO.2,CITEPUS,PALABUHANRATU,0266-432081,-6.98904,106.557929,2023,6
257,32,JAWA BARAT,3211,KABUPATEN SUMEDANG,RSUD SUMEDANG,JL. PALASARI NO. 80,KOTAKULON,SUMEDANG SELATAN,0261-201021,-6.857049,107.920718,2023,0
258,32,JAWA BARAT,3206,KABUPATEN TASIKMALAYA,RSUD SINGAPARNA MEDIKA CITRAUTAMA (SMC),JL. RAYA RANCAMAYA,CIKUNTEN,SINGAPARNA,0812-157-5782,-7.358758,108.106736,2023,3
259,32,JAWA BARAT,3273,KOTA BANDUNG,RSU PUSAT DR. HASAN SADIKIN,JL. PASTEUR NO. 38,PASTEUR,SUKAJADI,022-2034954,-6.90017,107.600984,2023,0
260,32,JAWA BARAT,3273,KOTA BANDUNG,RSUD KOTA BANDUNG,JL. RUMAH SAKIT NO. 22 UJUNG BERUNG,PAKEMITAN,CINAMBO,022-7811794,-6.91541,107.69934,2023,0
261,32,JAWA BARAT,3279,KOTA BANJAR,RSUD KOTA BANJAR,JL. RUMAH SAKIT UMUM NO. 5,HEGARSARI,PATARUMAN,0265-332314,-7.368493,108.543096,2023,3
262,32,JAWA BARAT,3279,KOTA BANJAR,RSUD ASIH HUSADA LANGENSARI,"JL. PAHLAWAN NO.25, MUKTISARI, KEC. LANGENSARI, KOTA BANJAR, JAWA BARAT 46343",MUKTISARI,LANGENSARI,0265-7484676,-7.3668666,108.608709,2023,3
263,32,JAWA BARAT,3275,KOTA BEKASI,RSUD KOTA BEKASI,JL. PRAMUKA NO. 55,MARGA JAYA,BEKASI SELATAN,021-8841005,-6.270428,107.004955,2023,1
264,32,JAWA BARAT,3275,KOTA BEKASI,RSUD PONDOK GEDE,"JL. RAYA JATIWARINGIN NO.1, RT.001/RW.009, JATIWARINGIN, KEC. PD. GEDE, KOTA BKS, JAWA BARAT 17411",JATIWARINGIN,PONDOK GEDE,021-85516033,-6.2828185,106.913621,2023,1
265,32,JAWA BARAT,3275,KOTA BEKASI,RSUD JATISAMPURNA,"L. RAYA KRANGGAN NO.26, RT.001/RW.004, JATISAMPURNA, KEC. JATISAMPURNA, KOTA BKS, JAWA BARAT 17433",KRANGGAN,JATISAMPURNA,021-22817282,-6.3635511,106.92151,2023,1
266,32,JAWA BARAT,3275,KOTA BEKASI,RSUD BANTARGEBANG,"JL. SILIWANGI NO.KM. 10, RT.004/RW.001, BANTARGEBANG, KEC. BANTAR GEBANG, KOTA BKS, JAWA BARAT 17152",BANTARGEBANG,BANTARGEBANG,021-82637773,-6.3146173,106.986518,2023,1
267,32,JAWA BARAT,3275,KOTA BEKASI,RSUD TELUK PUCUNG,"JL. LKR. UTARA, RT.002/RW.006, TLK. PUCUNG, KEC. BEKASI UTARA, KOTA BKS, JAWA BARAT 17121",TELUK PUCUNG,BEKASI UTARA,021-38312012,-6.2102844,107.027722,2023,1
268,32,JAWA BARAT,3271,KOTA BOGOR,RSUD KOTA BOGOR,JL. DOKTOR SUMERU NO 120 BOGOR,MENTENG,BOGOR BARAT,0251-8312292,-6.58041,106.778,2023,5
269,32,JAWA BARAT,3277,KOTA CIMAHI,RSUD CIBABAT,JL. RAYA CIBABAT NO 140 CIMAHI,CIBABAT,CIMAHI UTARA,022-6652025,-6.87924083,107.550775,2023,0
270,32,JAWA BARAT,3274,KOTA CIREBON,RSUD GUNUNG JATI,JL. KESAMBI NO 56,DRAJAT,KESAMBI,0231-20633,-6.73077263,108.555372,2023,3
271,32,JAWA BARAT,3276,KOTA DEPOK,RSUD KOTA DEPOK,"JL. RAYA MUCHTAR NO.99, SAWANGAN LAMA, KEC. SAWANGAN, KOTA DEPOK, JAWA BARAT 16511",SAWANGAN LAMA,SAWANGAN,0251-8602514,-6.395751,106.759009,2023,5
272,32,JAWA BARAT,3272,KOTA SUKABUMI,RSUD R. SAMSUDIN SH,JL. RUMAH SAKIT NO.1,CIKOLE,CIKOLE,0266-225180,-6.914882,106.934792,2023,1
273,32,JAWA BARAT,3272,KOTA SUKABUMI,RSUD AL MULK,JL. PELABUHAN II KM 6,LEMBURSITU,LEMBURSITU,0266-6243088,-6.958535,106.897496,2023,1
274,32,JAWA BARAT,3278,KOTA TASIKMALAYA,RSUD DR. SOEKARDJO,JL. RUMAH SAKIT NO.33,EMPANGSARI,TAWANG,0265-331680,-7.33234718,108.22529,2023,3
275,32,JAWA BARAT,3201,KABUPATEN BOGOR,RSUD LEUWILIANG,JL. RAYA CIBEBER - LEUWILIANG BOGOR,CIBEBER,LEUWILIANG,0251-8643290,-6.57,107.0,2024,1
276,32,JAWA BARAT,3201,KABUPATEN BOGOR,RSUD CIBINONG,JL. KSR DADI KUSMAYADI NO. 27 CIBINONG BOGOR,TENGAH,CIBINONG,021-8753487,-6.47,107.0,2024,1
277,32,JAWA BARAT,3201,KABUPATEN BOGOR,RSUD CIAWI,JL. RAYA PUNCAK 479 CIAWI BOGOR,BENDUNGAN,CIAWI,0518-240736,-6.66,107.0,2024,1
278,32,JAWA BARAT,3201,KABUPATEN BOGOR,RS UMUM DR MUHAMAD HASSAN TOTO,"JL. SARDJIO NO. 1, SEMPLAK KEC. KEMANG",ATANG SENJAYA,KEMANG,0251-7535976,-6.5,107.0,2024,1
279,32,JAWA BARAT,3201,KABUPATEN BOGOR,RSUD CILEUNGSI,JL. RAYA CILEUNGSI-JONGGOL KM.10 CILEUNGSI KABUPATEN BOGOR,CIPEUCANG,CILEUNGSI,021-89934667,-6.43,107.0,2024,1
280,32,JAWA BARAT,3202,KABUPATEN SUKABUMI,RSUD SEKARWANGI,JL. SILIWANGI 49 CIBADAK,CIBADAK,CIBADAK,0266-531261,-6.89662,106.7932,2024,5
281,32,JAWA BARAT,3202,KABUPATEN SUKABUMI,RSUD JAMPANG KULON,JL. CIBARUSAH NO. 1, TANJUNG,JAMPANG KULON,0266-490009,-7.252668,106.6255,2024,6
282,32,JAWA BARAT,3202,KABUPATEN SUKABUMI,RSUD PALABUHANRATU,JL. AHMAD YANI NO.2,CITEPUS,PALABUHANRATU,0266-432081,-6.98904,106.5579,2024,6
283,32,JAWA BARAT,3203,KABUPATEN CIANJUR,RSUD CIMACAN,"JL. RAYA CIMACAN NO.17A, PALASARI, KEC. CIPANAS, KABUPATEN CIANJUR, JAWA BARAT 43253",PALASARI,CIPANAS,0263-512465,-6.72033255,107.0325,2024,1
284,32,JAWA BARAT,3203,KABUPATEN CIANJUR,RSUD SAYANG KAB CIANJUR,"JL. RUMAH SAKIT NO.1, BOJONGHERANG, KEC. CIANJUR, KABUPATEN CIANJUR, JAWA BARAT 43216",BOJONGHERANG,CIANJUR,0263-261026,-6.810525,107.1411,2024,2
285,32,JAWA BARAT,3203,KABUPATEN CIANJUR,RSUD PAGELARAN,JL. RAYA PAGELARAN NO 18 DESA PAGELARAN KEC. PAGELARAN KABUPATEN CIANJUR 43266,DESA PAGELARAN,PAGELARAN,0263--2361093,-7.21435837,107.1394,2024,2
286,32,JAWA BARAT,3204,KABUPATEN BANDUNG,RSUD CICALENGKA,"JL. H. DARHAM CIKOPO NO.35, TENJOLAYA, KEC. CICALENGKA, BANDUNG, JAWA BARAT 40395",TENJOLAYA,CICALENGKA,022-7952202,-6.98233728,107.8421,2024,0
287,32,JAWA BARAT,3204,KABUPATEN BANDUNG,RSUD AL IHSAN,"JL. KI ASTRAMANGGALA, BALEENDAH, KEC. BALEENDAH, BANDUNG, JAWA BARAT 40381, INDONESIA",BALEENDAH,BALEENDAH,022-5940872,-7.00770719,107.6241,2024,0
288,32,JAWA BARAT,3204,KABUPATEN BANDUNG,RSUD MAJALAYA,"JL. CIPAKU NO.87, CIPAKU, KEC. PASEH, BANDUNG, JAWA BARAT 40383, INDONESIA",CIPAKU,PASEH,022-5950035,-7.04929,107.772,2024,0
289,32,JAWA BARAT,3204,KABUPATEN BANDUNG,RSUD SOREANG,"JL. ALUN-ALUN UTARA NO.1, PAMEKARAN, KEC. SOREANG, BANDUNG, JAWA BARAT 40912, INDONESIA",PAMEKARAN,SOREANG,022-5891355,-7.03,108.0,2024,0
290,32,JAWA BARAT,3204,KABUPATEN BANDUNG,RSUD KESEHATAN KERJA,"JL. RANCAEKEK NO.KM.27, RW.NO.612, NANJUNGMEKAR, KEC. RANCAEKEK, KABUPATEN BANDUNG, JAWA BARAT 40394",NANJUNGMEKAR,RANCAEKEK,022-7798778,-6.967451,107.8262,2024,0
291,32,JAWA BARAT,3205,KABUPATEN GARUT,RSUD PAMEUNGPEUK,"JL. MIRAMAREU NO.99, SIRNABAKTI, PAMEUNGPEUK, KABUPATEN GARUT, JAWA BARAT 44175",SIRNABAKTI,PAMEUNGPEUK,0262-2816017,-7.22540946,107.9112,2024,0
292,32,JAWA BARAT,3205,KABUPATEN GARUT,RSUD DR SLAMET GARUT,"JL. RSU DR. SLAMET NO.12, SUKAKARYA, KEC. TAROGONG KIDUL, KABUPATEN GARUT, JAWA BARAT 44151",SUKAKARYA,TAROGONG KIDUL,0262-232720,-7.213105,107.9201,2024,0
293,32,JAWA BARAT,3206,KABUPATEN TASIKMALAYA,RSUD SINGAPARNA MEDIKA CITRAUTAMA (SMC),JL. RAYA RANCAMAYA,CIKUNTEN,SINGAPARNA,0812-157-5782,-7.358758,108.1067,2024,3
294,32,JAWA BARAT,3207,KABUPATEN CIAMIS,RSUD CIAMIS,"JL. RUMAH SAKIT NO.76, CIAMIS,",CIAMIS,CIAMIS,0265-771018,-7.34,108.0,2024,0
295,32,JAWA BARAT,3207,KABUPATEN CIAMIS,RSUD KAWALI,"Jl. Raya Kawali-Cirebon No.37, Winduraja, Kec. Kawali, Kabupaten Ciamis, Jawa Barat 46253",WINDURAJA,KAWALI,0265-7511923,-7.1720345,108.3683,2024,3
296,32,JAWA BARAT,3208,KABUPATEN KUNINGAN,RSUD LINGGARJATI,JL. RAYA BANDORASA WETAN NO.36,BANDORASA WETAN,CILIMUS,0232-614885,-6.885481,108.4938,2024,3
297,32,JAWA BARAT,3208,KABUPATEN KUNINGAN,RSUD 45 KUNINGAN,JL .JEND SUDIRMAN NO. 68,KUNINGAN,KUNINGAN,0232-023287188,-6.984283,108.4816,2024,3
298,32,JAWA BARAT,3209,KABUPATEN CIREBON,RSUD WALED,"JL. PRABU KIANSANTANG NO.4, WALED KOTA, WALED, CIREBON, JAWA BARAT 45187",WALED KOTA,WALED,0231-661126,-6.91304,108.719,2024,3
299,32,JAWA BARAT,3209,KABUPATEN CIREBON,RS PARU PROVINSI JAWA BARAT,"JL. PANGERAN KEJAKSAN PO.BOX 4 DESA SIDAWANGI, KECAMATAN SUMBER KABUPATEN CIREBON",SIDAWANGI,SUMBER,0231--8330707,-6.797155,108.4755,2024,3
300,32,JAWA BARAT,3209,KABUPATEN CIREBON,RSUD RJAWINANGUN,"JL. BY PASS PALIMANAN JAKARTA KM. 2 NO. 1, KEBONTURI, KEC. ARJAWINANGUN, KABUPATEN CIREBON, JAWA BARAT 45162",KEBONTURI,ARJAWINANGUN,0231-358335,-6.6565688,108.4127,2024,3
301,32,JAWA BARAT,3210,KABUPATEN MAJALENGKA,RSUD CIDERES,JL. RAYA CIDERES - KADIPATEN NO 180,BOJONGCIDERES,DAWUAN,0233-023366100,-6.760698,108.195,2024,3
302,32,JAWA BARAT,3210,KABUPATEN MAJALENGKA,RSUD KABUPATEN MAJALENGKA,JL. KESEHATAN NO. 77 MAJALENGKA,MAJALENGKA WETAN,MAJALENGKA,0233-281189,-6.833815,108.2334,2024,3
303,32,JAWA BARAT,3211,KABUPATEN SUMEDANG,RSUD SUMEDANG,JL. PALASARI NO. 80,KOTAKULON,SUMEDANG SELATAN,0261-201021,-6.857049,107.9207,2024,0
304,32,JAWA BARAT,3212,KABUPATEN INDRAMAYU,RSUD INDRAMAYU,"JL. MURAHNARA NO.7, SINDANG, KABUPATEN INDRAMAYU, JAWA BARAT 45222",SINDANG,INDRAMAYU,0234-023427265,-6.33021,108.32,2024,3
305,32,JAWA BARAT,3212,KABUPATEN INDRAMAYU,RSUD PANTURA MA SENTOT PATROL,"JL. RAYA PATROL NO.KM.46, PATROL LOR, KEC. PATROL, KABUPATEN INDRAMAYU, JAWA BARAT 45257",PATROL LOR,PATROL,0234-612715,-6.31432086,107.9987,2024,0
306,32,JAWA BARAT,3212,KABUPATEN INDRAMAYU,RSUD M URSID IBNU SYAFIUDDIN,"Krangkeng, Kec. Krangkeng, Kabupaten Indramayu, Jawa Barat 45284",KRANGKENG,KRANGKENG,0,-6.495347,108.4746,2024,3
307,32,JAWA BARAT,3213,KABUPATEN SUBANG,RSUD KAB SUBANG,JL. BRIGJEN KATAMSO NO.37, DANGDEUR,SUBANG,0260-417442,-6.558127,107.7471,2024,0
308,32,JAWA BARAT,3214,KABUPATEN PURWAKARTA,RSUD BAYU ASIH,JL. VETERAN NO. 39,NAGRI KALER, PURWAKARTA,0264-200100,-6.5381349,107.443,2024,0
309,32,JAWA BARAT,3215,KABUPATEN KARAWANG,RSUD KARAWANG,"JL. GALUH MAS RAYA NO.1, SUKAHARJA, KEC. TELUKJAMBE TIM., KABUPATEN KARAWANG, JAWA BARAT 41361",SUKAHARJA,TELUKJAMBE TIMUR,0267-640444,-6.320752,107.2931,2024,4
310,32,JAWA BARAT,3216,KABUPATEN BEKASI,RSUD KABUPATEN BEKASI,"JL. RAYA TEUKU UMAR NO.202, WANASARI, KEC. CIBITUNG, BEKASI, JAWA BARAT 17520, INDONESIA",WANASARI,CIBITUNG,021-88374444,-6.27,107.0,2024,1
311,32,JAWA BARAT,3216,KABUPATEN BEKASI,RSUD CABANGBUNGIN,DESA JAYALAKSANA KECAMATAN CABANG BUNGIN KABUPATEN BEKASI,JAYALAKSANA,CABANGBUNGIN,0857-1767-8889,-6.1,107.0,2024,1
312,32,JAWA BARAT,3217,KABUPATEN BANDUNG BARAT,RSUD CIKALONG WETAN,"JL. CIKALONG NO.290, CIPTAGUMATI, KEC. CIKALONG WETAN, KABUPATEN BANDUNG BARAT, JAWA BARAT 40556, INDONESIA",CIPTAMUGATI,CIKALONG WETAN,022-86866016,-6.74374444,107.445,2024,0
313,32,JAWA BARAT,3217,KABUPATEN BANDUNG BARAT,RSUD LEMBANG,"JL. RAYA LEMBANG KM 11,4 NO. 11, GUDANGKAHURIPAN, LEMBANG, GUDANGKAHURIPAN, LEMBANG, KABUPATEN BANDUNG BARAT, JAWA BARAT 40391, INDONESIA",GUDANGKAAHURIPAN,LEMBANG,022-2786879,-6.83820952,107.5983,2024,0
314,32,JAWA BARAT,3217,KABUPATEN BANDUNG BARAT,RSJ PROVINSI JAWA BARAT,"JL. KOLONEL MASTURI NO.KM.7, JAMBUDIPA, KEC. CISARUA, KABUPATEN BANDUNG BARAT, JAWA BARAT, INDONESIA",JAMBUDIPA,CISARUA,022-2700260,-6.80901504,107.5631,2024,0
315,32,JAWA BARAT,3217,KABUPATEN BANDUNG BARAT,RSUD CILILIN,"JL. CINTAKARYA, CILILIN, KABUPATEN BANDUNG BARAT, JAWA BARAT 40562, INDONESIA",CINTAKARYA,CILILIN,022-6941600,-6.94353815,107.4596,2024,0
316,32,JAWA BARAT,3218,KABUPATEN PANGANDARAN,RSUD KABUPATEN PANGANDARAN,JL. PANANJUNG NO.412,PANANJUNG,PANGANDARAN,0,-7.681342,108.6477,2024,3
317,32,JAWA BARAT,3271,KOTA BOGOR,RSUD KOTA BOGOR,JL. DOKTOR SUMERU NO 120 BOGOR,MENTENG,BOGOR BARAT,0251-8312292,-6.58041,106.778,2024,5
318,32,JAWA BARAT,3272,KOTA SUKABUMI,RSUD R. SAMSUDIN SH,JL. RUMAH SAKIT NO.1,CIKOLE,CIKOLE,0266-225180,-6.914882,106.9348,2024,1
319,32,JAWA BARAT,3272,KOTA SUKABUMI,RSUD AL MULK,JL. PELABUHAN II KM 6,LEMBURSITU,LEMBURSITU,0266-6243088,-6.958535,106.8975,2024,1
320,32,JAWA BARAT,3273,KOTA BANDUNG,RSU PUSAT DR. HASAN SADIKIN,JL. PASTEUR NO. 38,PASTEUR,SUKAJADI,022-2034954,-6.90017,107.601,2024,0
321,32,JAWA BARAT,3273,KOTA BANDUNG,RSUD KOTA BANDUNG,JL. RUMAH SAKIT NO. 22 UJUNG BERUNG,PAKEMITAN,CINAMBO,022-7811794,-6.91541,107.6993,2024,0
322,32,JAWA BARAT,3274,KOTA CIREBON,RSUD GUNUNG JATI,JL. KESAMBI NO 56,DRAJAT,KESAMBI,0231-20633,-6.73077263,108.5554,2024,3
323,32,JAWA BARAT,3275,KOTA BEKASI,RSUD KOTA BEKASI,JL. PRAMUKA NO. 55,MARGA JAYA,BEKASI SELATAN,021-8841005,-6.270428,107.005,2024,1
324,32,JAWA BARAT,3275,KOTA BEKASI,RSUD PONDOK GEDE,"JL. RAYA JATIWARINGIN NO.1, RT.001/RW.009, JATIWARINGIN, KEC. PD. GEDE, KOTA BKS, JAWA BARAT 17411",JATIWARINGIN,PONDOK GEDE,021-85516033,-6.2828185,106.9136,2024,1
325,32,JAWA BARAT,3275,KOTA BEKASI,RSUD JATISAMPURNA,"L. RAYA KRANGGAN NO.26, RT.001/RW.004, JATISAMPURNA, KEC. JATISAMPURNA, KOTA BKS, JAWA BARAT 17433",KRANGGAN,JATISAMPURNA,021-22817282,-6.3635511,106.9215,2024,1
326,32,JAWA BARAT,3275,KOTA BEKASI,RSUD BANTARGEBANG,"JL. SILIWANGI NO.KM. 10, RT.004/RW.001, BANTARGEBANG, KEC. BANTAR GEBANG, KOTA BKS, JAWA BARAT 17152",BANTARGEBANG,BANTARGEBANG,021-82637773,-6.3146173,106.9865,2024,1
327,32,JAWA BARAT,3275,KOTA BEKASI,RSUD TELUK PUCUNG,"JL. LKR. UTARA, RT.002/RW.006, TLK. PUCUNG, KEC. BEKASI UTARA, KOTA BKS, JAWA BARAT 17121",TELUK PUCUNG,BEKASI UTARA,021-38312012,-6.2102844,107.0277,2024,1
328,32,JAWA BARAT,3276,KOTA DEPOK,RSUD KOTA DEPOK,"JL. RAYA MUCHTAR NO.99, SAWANGAN LAMA, KEC. SAWANGAN, KOTA DEPOK, JAWA BARAT 16511",SAWANGAN LAMA,SAWANGAN,0251-8602514,-6.395751,106.759,2024,5
329,32,JAWA BARAT,3277,KOTA CIMAHI,RSUD CIBABAT,JL. RAYA CIBABAT NO 140 CIMAHI,CIBABAT,CIMAHI UTARA,022-6652025,-6.87924083,107.5508,2024,0
330,32,JAWA BARAT,3278,KOTA TASIKMALAYA,RSUD DR. SOEKARDJO,JL. RUMAH SAKIT NO.33,EMPANGSARI,TAWANG,0265-331680,-7.33234718,108.2253,2024,3
331,32,JAWA BARAT,3279,KOTA BANJAR,RSUD KOTA BANJAR,JL. RUMAH SAKIT UMUM NO. 5,HEGARSARI,PATARUMAN,0265-332314,-7.368493,108.5431,2024,3
332,32,JAWA BARAT,3279,KOTA BANJAR,RSUD ASIH HUSADA LANGENSARI,"JL. PAHLAWAN NO.25, MUKTISARI, KEC. LANGENSARI, KOTA BANJAR, JAWA BARAT 46343",MUKTISARI,LANGENSARI,0265-7484676,-7.3668666,108.6087,2024,3
